291.7291666666667,-13.55,GRB180326A
157.43333333333334,24.433333333333334,GRB180325A
76.58333333333333,56.71666666666667,GRB180324A
180.34166666666667,33.93333333333333,GRB180318A
92.19583333333334,23.166666666666668,GRB180317A
265.4375,-0.7333333333333333,GRB180316A
297.8666666666667,23.616666666666667,GRB180314B
99.275,-24.483333333333334,GRB180314A
3.433333333333333,-54.483333333333334,GRB180311A
49.670833333333334,32.1,GRB180305A
202.6625,38.083333333333336,GRB180224A
256.5708333333333,-36.8,GRB180222A
1.8,18.35,GRB180210A
126.82083333333334,11.55,GRB180205A
330.1166666666667,30.85,GRB180204AS
215.65416666666667,18.966666666666665,GRB180116A
12.075,-15.6,GRB180115A
175.3,-63.266666666666666,GRB180113C
6.695833333333334,24.016666666666666,GRB180113B
19.216666666666665,68.68333333333334,GRB180113A
149.84166666666667,48.266666666666666,GRB180111A
159.58333333333334,-53.55,GRB180103A
203.11666666666667,62.15,GRB180102A
148.29166666666666,35.61666666666667,GRB171222A
340.06666666666666,52.05,GRB171216B
212.07916666666668,-50.46666666666667,GRB171216A
39.44166666666667,-70.61666666666666,GRB171212B
293.9,20.566666666666666,GRB171212A
98.10833333333333,-58.666666666666664,GRB171211A
335.30833333333334,24.433333333333334,GRB171210A
139.38333333333333,-30.533333333333335,GRB171209A
167.44583333333333,-12.6,GRB171205A
335.5208333333333,35.21666666666667,GRB171124A
186.19166666666666,32.53333333333333,GRB171123A
163.7875,22.45,GRB171120A
135.31666666666666,-50.28333333333333,GRB171119A
278.4125,9.133333333333333,GRB171115A
20.075,-59.63333333333333,GRB171112A
249.5375,-10.216666666666667,GRB171103AS
288.1041666666667,22.433333333333334,GRB171102B
187.72916666666666,54.03333333333333,GRB171102A
61.67916666666667,-2.6,GRB171027A
215.35416666666666,12.85,GRB171022A
39.2625,15.183333333333334,GRB171020A
236.7625,-10.066666666666666,GRB171011A
34.125,-54.416666666666664,GRB171010B
66.74166666666666,-10.533333333333333,GRB171010A
135.54166666666666,42.85,GRB171007A
139.1625,52.68333333333333,GRB171004A
22.0875,-11.9,GRB171001A
132.375,57.05,GRB170921B
26.85,30.866666666666667,GRB170921A
215.46666666666667,-62.03333333333333,GRB170912B
167.37083333333334,-54.36666666666667,GRB170912A
72.09583333333333,30.916666666666668,GRB170911A
128.70416666666668,70.78333333333333,GRB170906C
232.22083333333333,-28.25,GRB170906B
203.99166666666667,-47.11666666666667,GRB170906A
35.375,-32.5,GRB170904A
254.5125,34.983333333333334,GRB170903A
267.2416666666667,-2.0,GRB170830A
276.1791666666667,-40.21666666666667,GRB170827A
331.2583333333333,-33.9,GRB170826B
188.72083333333333,35.583333333333336,GRB170823A
94.38333333333334,55.016666666666666,GRB170822A
191.75,-39.8,GRB170817AS
350.84166666666664,12.85,GRB170816A
201.05416666666667,-5.466666666666667,GRB170813A
187.95,3.65,GRB170810A
145.65833333333333,2.183333333333333,GRB170808B
157.5625,-28.283333333333335,GRB170808A
143.37916666666666,-17.333333333333332,GRB170807A
269.23333333333335,-18.316666666666666,GRB170805AS
6.433333333333334,-64.75,GRB170804A
174.95,-16.316666666666666,GRB170803A
245.3,-60.88333333333333,GRB170730A
238.04583333333332,70.15,GRB170728B
58.895833333333336,12.15,GRB170728A
154.32083333333333,1.9833333333333334,GRB170724A
34.32083333333333,1.9833333333333334,GRB170714A
45.7875,47.85,GRB170711A
352.25416666666666,51.3,GRB170710C
43.12083333333333,42.68333333333333,GRB170710B
231.8125,-38.55,GRB170710A
335.8333333333333,19.8,GRB170708A
191.70416666666668,18.3,GRB170705A
130.01666666666668,-46.583333333333336,GRB170629A
165.4125,56.46666666666667,GRB170626A
113.4375,-2.25,GRB170616AS
92.56666666666666,-9.416666666666666,GRB170610A
7.341666666666667,9.233333333333333,GRB170607A
342.6458333333333,-15.416666666666666,GRB170604A
286.8958333333333,-16.433333333333334,GRB170531B
121.2625,-14.033333333333333,GRB170531A
4.708333333333333,1.2333333333333334,GRB170526A
90.8625,-17.083333333333332,GRB170524B
319.45416666666665,48.583333333333336,GRB170524AS
159.26666666666668,-35.55,GRB170522B
139.34166666666667,25.666666666666668,GRB170522A
163.45,25.383333333333333,GRB170519A
41.6,-55.9,GRB170516A
300.62916666666666,33.31666666666667,GRB170511A
159.9125,-39.333333333333336,GRB170510A
330.0625,26.916666666666668,GRB170428AS
343.7,-45.11666666666667,GRB170424A
60.49583333333333,-15.1,GRB170419B
79.86666666666666,-21.416666666666668,GRB170419A
347.52916666666664,-7.166666666666667,GRB170409A
219.80833333333334,-25.25,GRB170405A
323.78333333333336,-24.416666666666668,GRB170331A
283.325,-13.433333333333334,GRB170330A
356.6,9.8,GRB170329A
127.48333333333333,20.533333333333335,GRB170325AS
320.075,55.06666666666667,GRB170320A
284.27916666666664,6.266666666666667,GRB170318B
305.6458333333333,28.416666666666668,GRB170318A
93.0875,50.516666666666666,GRB170317A
354.9166666666667,31.183333333333334,GRB170311B
280.5625,-30.066666666666666,GRB170311A
13.533333333333333,9.533333333333333,GRB170307A
154.65,51.63333333333333,GRB170306B
263.0833333333333,-44.75,GRB170306A
39.65833333333333,9.9,GRB170305A
239.55,-3.5833333333333335,GRB170228A
292.95416666666665,28.216666666666665,GRB170222A
54.84166666666667,50.06666666666667,GRB170219A
256.32916666666665,-1.8833333333333333,GRB170214A
107.13333333333334,-46.8,GRB170210A
107.13333333333334,-46.8,GRB170209A
127.15416666666667,-9.033333333333333,GRB170208B
166.5625,-46.78333333333333,GRB170208A
271.7875,11.216666666666667,GRB170206B
212.79166666666666,14.483333333333333,GRB170206AS
262.15,-0.05,GRB170205A
332.85833333333335,25.166666666666668,GRB170203A
152.52916666666667,5.0,GRB170202A
341.4791666666667,64.0,GRB170131A
339.32916666666665,-63.93333333333333,GRB170127CS
19.945833333333333,-30.333333333333332,GRB170127BS
174.3375,-45.85,GRB170127A
263.57916666666665,-64.75,GRB170126A
72.575,-9.266666666666667,GRB170121B
61.5875,21.75,GRB170117A
189.12083333333334,-46.85,GRB170115B
332.15416666666664,13.783333333333333,GRB170115A
61.65,-71.91666666666667,GRB170113A
15.233333333333333,-17.183333333333334,GRB170112AS
20.716666666666665,-32.53333333333333,GRB170111A
138.30416666666667,61.1,GRB170105A
267.1041666666667,11.65,GRB170101A
204.825,-18.033333333333335,GRB161224A
259.87916666666666,-25.016666666666666,GRB161223A
350.81666666666666,-47.5,GRB161220A
91.71425,-26.791528000000003,GRB161219B
188.4375,10.466666666666667,GRB161219A
245.25833333333333,-4.116666666666666,GRB161218A
150.6375,52.38333333333333,GRB161217A
3.85,7.35,GRB161214B
190.72916666666666,6.833333333333333,GRB161214A
356.8958333333333,19.633333333333333,GRB161202A
316.19166666666666,32.11666666666667,GRB161129A
32.2125,-39.65,GRB161123A
298.8541666666667,-67.7,GRB161117B
322.052292,-29.613639000000006,GRB161117A
179.83333333333334,-5.35,GRB161113A
157.85833333333332,61.8,GRB161109A
180.78333333333333,24.866666666666667,GRB161108A
120.1625,-44.78333333333333,GRB161105A
77.87916666666666,51.45,GRB161104AS
311.021708,-47.663472,GRB161023A
128.96666666666667,54.36666666666667,GRB161022A
63.104166666666664,-75.58333333333333,GRB161020B
161.03333333333333,-54.766666666666666,GRB161020A
142.76916699999995,43.12675,GRB161017A
269.15,30.183333333333334,GRB161015A
332.647792,7.468694,GRB161014A
245.7125,8.333333333333334,GRB161011A
275.2375,-28.766666666666666,GRB161010A
103.39166666666667,23.283333333333335,GRB161007A
112.15833333333333,-39.9,GRB161004B
263.17083333333335,-0.9333333333333333,GRB161004A
71.919958,-57.260833,GRB161001A
256.2625,17.316666666666666,GRB160927AS
295.67083333333335,46.4,GRB160917A
301.51666666666665,57.55,GRB160912A
221.25833333333333,38.766666666666666,GRB160910A
162.2375,-50.8,GRB160905A
201.7,-56.766666666666666,GRB160829A
179.29583333333332,-29.166666666666668,GRB160827A
183.075,-67.68333333333334,GRB160826A
80.07916666666667,40.03333333333333,GRB160824A
279.9875,62.4,GRB160821BS
171.256667,42.334722,GRB160821A
114.1375,-22.35,GRB160819A
289.6791666666667,-35.63333333333333,GRB160816A
288.54583333333335,84.31666666666666,GRB160815A
136.07083333333333,-20.966666666666665,GRB160814A
221.62975,9.999083,GRB160804A
28.029166666666665,71.36666666666666,GRB160802A
212.762875,13.489167000000002,GRB160801A
98.82083333333334,-6.55,GRB160726AS
58.15416666666667,73.9,GRB160720A
190.54166666666666,-61.36666666666667,GRB160716A
234.4625,63.833333333333336,GRB160714AS
304.15,-26.983333333333334,GRB160712A
235.99583333333334,-28.183333333333334,GRB160709AS
168.0875,46.71666666666667,GRB160705B
116.75,-14.983333333333333,GRB160705A
287.39166666666665,36.9,GRB160703A
230.8875,8.716666666666667,GRB160702A
198.2375,-56.06666666666667,GRB160630A
4.820833333333334,76.98333333333333,GRB160629A
308.26666666666665,6.9,GRB160625B
176.9375,-65.11666666666666,GRB160625A
330.20416666666665,29.633333333333333,GRB160624AS
315.2416666666667,42.266666666666666,GRB160623A
250.6625,30.316666666666666,GRB160620AS
348.3625,-25.366666666666667,GRB160612AS
164.4375,-70.4,GRB160611A
13.66725,-4.948139,GRB160607A
235.03333333333333,64.5,GRB160601AS
289.6791666666667,-35.63333333333333,GRB160530A
149.44166666666666,51.18333333333333,GRB160525B
103.52916666666667,-0.16666666666666666,GRB160525A
148.17083333333332,79.01666666666667,GRB160521B
129.71666666666667,46.9,GRB160521A
71.1125,31.2,GRB160519A
310.1,76.0,GRB160509A
265.775,-46.11666666666667,GRB160506A
170.04166666666666,56.0,GRB160504A
0.5416666666666666,-1.9333333333333333,GRB160503A
286.375,-17.233333333333334,GRB160501A
280.327375,-54.360028,GRB160425A
319.4791666666667,-60.4,GRB160424A
42.05,-57.9,GRB160422A
16.425,-27.35,GRB160419A
120.256833,7.662944,GRB160417A
33.108333333333334,-67.65,GRB160412A
349.3625,-40.266666666666666,GRB160411AS
150.67916666666667,3.45,GRB160410AS
289.70416666666665,-5.383333333333334,GRB160409A
122.55833333333334,71.13333333333334,GRB160408AS
89.7375,26.683333333333334,GRB160401A
146.70225,54.012889,GRB160327A
15.595833333333333,-72.7,GRB160325A
99.4125,5.716666666666667,GRB160321A
167.55833333333334,45.666666666666664,GRB160314B
112.790542,16.999639000000002,GRB160314A
183.7965,57.283472,GRB160313A
98.77916666666667,-7.116666666666666,GRB160310A
168.68333333333334,22.733333333333334,GRB160303AS
107.315917,26.931611,GRB160228A
194.8075,78.679194,GRB160227A
164.24166666666667,53.65,GRB160225A
94.975,33.4,GRB160223B
147.59725,9.369167,GRB160223A
232.07916666666668,-28.45,GRB160221A
259.8541666666667,-18.116666666666667,GRB160220B
236.925,-18.55,GRB160220A
311.70416666666665,-71.55,GRB160216A
132.69583333333333,-36.1,GRB160206A
161.951458,-24.788833,GRB160203A
78.168,-7.049861,GRB160131A
225.982333,0.072917,GRB160127A
150.312667,-33.775222,GRB160123A
109.07916666666667,-23.583333333333332,GRB160121A
211.922292,20.461139000000006,GRB160119A
132.19475,-16.366667,GRB160117B
20.367417,-0.655389,GRB160117A
173.62083333333334,10.7,GRB160113A
299.6666666666667,6.416666666666667,GRB160107A
76.80416666666666,11.35,GRB160104A
80.8375,-21.033333333333335,GRB160102A
219.72916666666666,-13.816666666666666,GRB160101A
69.52916666666667,-61.016666666666666,GRB151231A
329.37916666666666,-20.733333333333334,GRB151229AS
344.44166666666666,8.083333333333334,GRB151228B
214.00416666666666,-17.683333333333334,GRB151228AS
290.28333333333336,35.416666666666664,GRB151227B
227.9,-18.3,GRB151225AS
354.94166666666666,34.1,GRB151222AS
323.9125,24.766666666666666,GRB151216A
93.59583333333333,35.516666666666666,GRB151215A
68.10833333333333,-3.7666666666666666,GRB151212A
65.116833,-71.250694,GRB151210A
329.725,77.7,GRB151205C
41.15833333333333,-43.483333333333334,GRB151205B
229.28333333333333,35.766666666666666,GRB151205A
19.779166666666665,-82.76666666666667,GRB151127AS
299.70416666666665,-19.9,GRB151122A
157.24166666666667,-32.516666666666666,GRB151120A
57.15833333333333,65.86666666666666,GRB151118A
120.9375,-61.05,GRB151114A
2.0458333333333334,-61.7,GRB151112A
56.84479200000001,-44.162,GRB151111A
29.75,44.5,GRB151107B
217.1375,-59.68333333333333,GRB151107A
83.196292,-39.121972,GRB151031A
38.528,-35.38572199999999,GRB151029A
76.219542,-6.450222,GRB151027B
272.48625,61.353611,GRB151027A
271.0208333333333,-8.316666666666666,GRB151023A
349.2125,55.81666666666667,GRB151022A
337.643167,-33.197056,GRB151021A
147.45,70.51666666666667,GRB151006A
213.58333333333334,-64.95,GRB151004A
336.84583333333336,64.66666666666667,GRB151001B
233.72916666666666,15.583333333333334,GRB151001A
227.52083333333334,-19.633333333333333,GRB150925A
294.37916666666666,-5.483333333333333,GRB150922A
132.95833333333334,44.06666666666667,GRB150919A
319.657667,-34.913416999999995,GRB150915A
248.43333333333334,-20.983333333333334,GRB150912A
67.425,5.75,GRB150911A
5.667125,33.47275,GRB150910A
255.22083333333333,-63.81666666666667,GRB150907B
224.84166666666667,-47.6,GRB150907A
159.2375,-25.6,GRB150906B
214.925,-69.36666666666666,GRB150902A
183.5875,25.033333333333335,GRB150901A
271.0208333333333,-27.25,GRB150831B
221.02083333333334,-25.65,GRB150831AS
161.25,-55.916666666666664,GRB150824A
341.913042,-57.893917,GRB150821A
59.3875,39.7,GRB150819B
42.3375,9.783333333333333,GRB150819A
230.355958,68.3425,GRB150818A
249.63325,-12.053194,GRB150817A
186.34583333333333,-14.116666666666667,GRB150811B
291.37083333333334,-15.45,GRB150811A
82.95833333333333,-5.383333333333334,GRB150801B
255.925,-9.433333333333334,GRB150801A
292.2875,33.9,GRB150728AS
203.968833,-18.325361,GRB150727A
220.42083333333332,-2.4166666666666665,GRB150725A
351.92083333333335,3.6666666666666665,GRB150724B
97.5375,-19.15,GRB150724A
218.27083333333334,-35.2,GRB150722A
334.1,7.8,GRB150721A
119.58333333333333,-28.3,GRB150720A
278.46666666666664,-13.016666666666667,GRB150716A
221.626583,-35.456139,GRB150711A
83.19583333333334,-46.96666666666667,GRB150710B
194.49583333333334,14.3,GRB150710AS
52.77916666666667,-57.0,GRB150702A
117.49166666666666,-51.56666666666667,GRB150627A
187.67083333333332,66.78333333333333,GRB150626B
111.34166666666667,-37.766666666666666,GRB150626A
251.7375,-52.93333333333333,GRB150622A
314.71675,-53.393889,GRB150616A
107.57083333333334,-22.466666666666665,GRB150615A
13.65,-0.13333333333333333,GRB150608A
139.988333,68.436194,GRB150607A
7.495833333333334,44.28333333333333,GRB150530B
327.525,57.56666666666667,GRB150530A
288.9583333333333,4.2,GRB150527A
115.35833333333333,-45.4,GRB150523A
234.20833333333334,16.266666666666666,GRB150518A
74.87625,-60.968417,GRB150514A
49.05833333333333,-22.916666666666668,GRB150513A
16.158333333333335,4.783333333333333,GRB150510A
326.479875,-27.901806,GRB150430A
60.24583333333333,67.81666666666666,GRB150428C
292.65416666666664,4.116666666666666,GRB150428B
188.54166666666666,6.566666666666666,GRB150428A
152.3125,-26.65,GRB150424AS
221.6,12.283333333333333,GRB150423AS
160.54583333333332,-4.933333333333334,GRB150418A
190.424917,71.841111,GRB150413A
216.60416666666666,38.53333333333333,GRB150407A
311.504792,-62.711389,GRB150403A
173.65833333333333,41.0,GRB150402A
331.02916666666664,52.3,GRB150330A
192.6125,50.2,GRB150323C
260.4458333333333,38.31666666666667,GRB150323B
128.178458,45.464861,GRB150323A
325.006167,-61.456722,GRB150318A
138.984667,55.465722,GRB150317A
126.670708,63.834222,GRB150314A
252.35416666666666,-10.966666666666667,GRB150313A
235.09583333333333,-15.816666666666666,GRB150311A
276.9875,86.43333333333334,GRB150309A
175.50833333333333,36.833333333333336,GRB150302A
11.333333333333334,41.85,GRB150301C
89.16641700000002,-57.969444,GRB150301B
244.2875,-48.7,GRB150301AS
155.89583333333334,-41.166666666666664,GRB150222B
198.786458,-12.152,GRB150222A
271.26666666666665,-41.6,GRB150219A
253.425,34.18333333333333,GRB150213B
285.481708,47.364389,GRB150212A
254.85925,55.393389,GRB150211A
112.15,13.266666666666667,GRB150210A
10.073583,-63.182111,GRB150206A
160.24166666666667,-64.05,GRB150204A
98.4125,6.966666666666667,GRB150203A
86.6,59.1,GRB150202B
39.227458,-33.148056,GRB150202A
11.833333333333334,-37.61666666666667,GRB150201A
140.18333333333334,-3.2,GRB150127B
296.95416666666665,-9.416666666666666,GRB150127A
350.5,-12.366666666666667,GRB150126A
111.55833333333334,-9.683333333333334,GRB150123A
39.290708,8.077861,GRB150120B
10.308333333333334,33.983333333333334,GRB150120AS
160.075,-27.416666666666668,GRB150118C
240.24166666666667,-35.75,GRB150118B
68.575,-16.866666666666667,GRB150110C
289.35833333333335,32.516666666666666,GRB150110B
131.6375,-48.88333333333333,GRB150110A
131.6375,-48.88333333333333,GRB150103A
188.04166666666666,-10.95,GRB150101BS
312.62916666666666,36.733333333333334,GRB150101AS
289.6791666666667,-35.63333333333333,GRB141229A
138.778292,33.791833000000004,GRB141225A
178.04166666666666,-57.35,GRB141222A
198.286667,8.20525,GRB141221A
195.065667,32.146111,GRB141220A
179.05416666666667,-52.75,GRB141215A
250.86666666666667,31.75,GRB141212B
39.1625,18.15,GRB141212AS
159.99166666666667,3.9166666666666665,GRB141207A
92.87916666666666,37.86666666666667,GRB141205AS
143.07083333333333,54.166666666666664,GRB141202A
222.8125,47.3,GRB141130A
127.90833333333333,-29.533333333333335,GRB141125AS
122.66925,22.217167,GRB141121A
156.875,19.083333333333332,GRB141118A
222.3625,73.11666666666666,GRB141109B
144.530833,-0.6079439999999999,GRB141109A
279.4875,-12.7,GRB141104A
208.6125,-47.1,GRB141102A
356.93333333333334,41.36666666666667,GRB141031B
128.6,-59.13333333333333,GRB141031A
105.2,25.1,GRB141029B
322.60225,-0.231306,GRB141028A
44.079166666666666,26.966666666666665,GRB141026A
241.9,-72.13333333333334,GRB141022A
225.00833333333333,55.333333333333336,GRB141020A
93.630333,-58.582361,GRB141017A
87.50833333333334,18.316666666666666,GRB141015A
257.9375,-9.683333333333334,GRB141011A
291.10833333333335,36.06666666666667,GRB141005A
76.734042,12.819667,GRB141004A
6.354166666666667,24.266666666666666,GRB140930BS
344.875,52.43333333333333,GRB140930A
43.80833333333333,-56.083333333333336,GRB140928A
291.792083,-65.393361,GRB140927A
221.55416666666667,-32.15,GRB140919A
40.3995,-39.686444,GRB140916A
193.6375,63.5,GRB140909A
48.145833333333336,46.6,GRB140907A
314.9625,1.9333333333333333,GRB140906CS
238.0375,27.583333333333332,GRB140903AS
112.18333333333334,-29.216666666666665,GRB140901B
15.816666666666666,-32.75,GRB140901A
142.0125,14.583333333333334,GRB140828A
88.7125,-11.833333333333334,GRB140825A
206.64583333333334,33.3,GRB140824A
271.1458333333333,1.3666666666666667,GRB140818B
199.5125,6.8,GRB140818A
127.25416666666666,58.18333333333333,GRB140817A
86.89583333333333,-8.666666666666666,GRB140815A
182.5125,49.35,GRB140814A
119.04166666666667,27.55,GRB140810A
168.80833333333334,71.01666666666667,GRB140809A
216.52083333333334,48.6,GRB140808A
45.25,-30.883333333333333,GRB140801A
56.39895799999999,-66.545167,GRB140730A
193.95,15.35,GRB140729A
210.62916666666666,-3.7333333333333334,GRB140723A
39.7375,-2.3833333333333333,GRB140719B
171.59166666666667,-50.13333333333333,GRB140719A
108.13333333333334,-60.15,GRB140716A
281.107,59.633639,GRB140713A
204.66666666666666,-58.55,GRB140710B
41.067917,35.499194,GRB140710A
146.07083333333333,63.5,GRB140709B
304.6375,51.21666666666667,GRB140709A
49.293292,-38.052167,GRB140706A
12.996042,45.101667,GRB140703A
248.976833,41.876861,GRB140629A
40.666167,-0.384917,GRB140628A
77.378292,-82.630611,GRB140626A
198.25,75.8,GRB140623A
317.15416666666664,-14.433333333333334,GRB140622AS
73.27916666666667,14.65,GRB140621A
281.87083333333334,49.733333333333334,GRB140620A
233.01666666666668,-25.6,GRB140619C
132.67916666666667,-9.666666666666666,GRB140619BS
27.108958,-39.259056,GRB140619A
322.63125,14.929694,GRB140614B
231.169375,-79.12875,GRB140614A
349.9291666666667,-40.083333333333336,GRB140611AS
286.2583333333333,3.9,GRB140610A
86.37916666666666,18.916666666666668,GRB140607A
327.75,33.68333333333333,GRB140606B
201.80833333333334,37.583333333333336,GRB140606AS
263.17083333333335,-40.4,GRB140604AS
228.81666666666666,-41.05,GRB140529A
280.7291666666667,-58.75,GRB140528A
133.3,24.95,GRB140523A
320.0125,67.6,GRB140521A
227.252583,42.418306,GRB140518A
252.9875,39.916666666666664,GRB140516AS
289.46666666666664,-11.0,GRB140515B
186.064625,15.104610999999998,GRB140515A
289.369917,-15.094222,GRB140512A
313.12083333333334,21.15,GRB140509B
46.608333333333334,-62.65,GRB140509A
255.62916666666666,46.75,GRB140508A
276.775125,-55.635778,GRB140506A
199.67916666666667,-35.63333333333333,GRB140502B
319.15416666666664,49.016666666666666,GRB140502A
102.92916666666666,23.016666666666666,GRB140430A
194.368292,28.385056,GRB140428A
197.285583,49.8415,GRB140423A
126.989833,46.240306,GRB140419A
35.4,43.9,GRB140416A
195.30833333333334,56.9,GRB140414AS
65.455125,-51.182778000000006,GRB140413A
145.05,-65.81666666666666,GRB140412A
290.68333333333334,-12.583333333333334,GRB140408A
207.47083333333333,5.866666666666667,GRB140402AS
134.864417,2.717306,GRB140331A
328.06666666666666,-57.75,GRB140330A
146.24583333333334,-32.1,GRB140329A
356.8875,-79.91666666666667,GRB140323A
87.89166666666667,85.43333333333334,GRB140320D
134.38333333333333,71.2,GRB140320C
145.56666666666666,60.25,GRB140320B
281.65,-2.7,GRB140320AS
184.08925,20.209139,GRB140318A
252.29166666666666,52.75,GRB140311B
209.305375,0.642139,GRB140311A
357.5625,-33.35,GRB140308A
27.941666666666666,48.983333333333334,GRB140306A
344.53333333333336,15.433333333333334,GRB140305A
30.64275,33.473806,GRB140304A
253.84166666666667,-12.866666666666667,GRB140302A
69.557417,-34.256528,GRB140301A
221.491792,14.993972,GRB140226A
107.44583333333334,-17.333333333333332,GRB140221A
156.44166666666666,7.466666666666667,GRB140219A
104.149292,41.786611,GRB140215A
105.154542,-73.13708299999998,GRB140213A
124.22916666666667,20.25,GRB140211A
81.33333333333333,32.483333333333334,GRB140209A
145.33420800000005,66.760472,GRB140206A
326.7625,26.2,GRB140129B
37.89075,-1.595222,GRB140129A
331.00416666666666,-17.95,GRB140118A
188.48333333333332,12.583333333333334,GRB140114A
28.9,-36.266666666666666,GRB140110A
325.1791666666667,58.766666666666666,GRB140108A
218.80833333333334,-8.9,GRB140104B
232.12916666666666,37.75,GRB140103A
211.919375,1.333278,GRB140102A
10.583333333333334,-1.85,GRB131231A
85.231708,-4.396306,GRB131229A
67.37916666666666,28.883333333333333,GRB131227A
301.30833333333334,-64.96666666666667,GRB131226A
95.0375,5.316666666666666,GRB131225A
296.8333333333333,31.666666666666668,GRB131224A
113.8,-64.71666666666667,GRB131218A
94.675,-41.63333333333333,GRB131216A
259.02916666666664,-7.583333333333333,GRB131215A
136.5,-33.2,GRB131209A
131.60833333333332,-60.166666666666664,GRB131205A
344.054125,-21.662361,GRB131202A
355.307458,31.306194,GRB131128A
332.729917,36.609417,GRB131127A
152.55416666666667,57.733333333333334,GRB131122A
278.92083333333335,-12.0,GRB131120A
349.8625,-66.83333333333333,GRB131118A
332.330667,-31.762306,GRB131117A
156.47083333333333,9.9,GRB131108A
70.967792,-62.995472,GRB131105A
348.9189580000001,-44.640389,GRB131103A
29.616666666666667,-1.6,GRB131031A
345.0675,-5.368472,GRB131030A
200.78333333333333,48.3,GRB131029A
61.225,71.6,GRB131028A
15.545833333333333,32.483333333333334,GRB131026A
144.40416666666667,44.233333333333334,GRB131024B
290.482,-64.602722,GRB131024A
304.525,23.066666666666666,GRB131018B
98.4625,-19.883333333333333,GRB131018A
100.3,-19.1,GRB131014A
21.920833333333334,9.55,GRB131011A
296.15,-2.966666666666667,GRB131004A
75.0625,-75.73333333333333,GRB131002B
253.275,82.05,GRB131002A
8.3,25.55,GRB131001A
190.6625,-35.5,GRB130930A
135.07083333333333,-47.56666666666667,GRB130929A
41.178999999999995,-26.153083,GRB130925A
207.2875,-10.35,GRB130919A
341.9583333333333,1.3,GRB130913A
47.61666666666667,13.966666666666667,GRB130912AS
215.891625,45.607611,GRB130907A
82.1375,-0.11666666666666667,GRB130903A
192.44583333333333,-29.183333333333334,GRB130831B
358.6245830000001,29.429667,GRB130831A
182.425,46.516666666666666,GRB130829A
259.82916666666665,28.0,GRB130828A
27.941666666666666,-3.216666666666667,GRB130822AS
314.1,-12.0,GRB130821A
170.09166666666667,-57.55,GRB130816B
197.16666666666666,-58.95,GRB130816A
7.404166666666667,-79.18333333333334,GRB130812B
92.40416666666667,-13.3,GRB130812A
269.8,-27.616666666666667,GRB130807A
35.87083333333333,67.53333333333333,GRB130806A
303.65416666666664,-79.58333333333333,GRB130804A
220.252708,-2.492,GRB130803A
330.798583,-65.538528,GRB130727A
214.240667,-11.128278,GRB130725B
230.03333333333333,-0.6333333333333333,GRB130725A
260.67083333333335,-2.9833333333333334,GRB130722A
89.0375,-11.583333333333334,GRB130719A
179.575,63.05,GRB130716AS
217.311583,15.774000000000001,GRB130708A
228.15,16.583333333333332,GRB130702A
357.229542,36.100389,GRB130701A
181.93333333333334,-55.733333333333334,GRB130627B
184.44583333333333,-37.083333333333336,GRB130627A
273.12916666666666,-9.533333333333333,GRB130626A
343.26666666666665,82.18333333333334,GRB130625A
20.720833333333335,-77.78333333333333,GRB130623A
274.829625,-68.16125,GRB130615A
259.794083,16.719972,GRB130612A
176.35833333333332,-32.18333333333333,GRB130610B
224.4205,28.206417,GRB130610A
53.771292,-40.174083,GRB130609B
152.66845800000004,24.132306,GRB130609A
24.579166666666666,41.5,GRB130608A
218.575,-22.133333333333333,GRB130606B
249.396583,29.796389,GRB130606A
134.525,-33.483333333333334,GRB130605A
250.188708,68.225972,GRB130604A
172.20833333333334,17.05,GRB130603BS
86.95416666666667,82.93333333333334,GRB130603A
24.281917,-64.147444,GRB130529A
138.9125,87.28333333333333,GRB130528A
309.276333,-24.724972,GRB130527A
281.64166666666665,22.716666666666665,GRB130521B
87.55833333333334,14.45,GRB130521A
321.5541666666667,-20.15,GRB130518B
355.80833333333334,47.63333333333333,GRB130518A
283.42083333333335,-54.28333333333333,GRB130515AS
147.60833333333332,-18.966666666666665,GRB130514B
296.282917,-7.976222,GRB130514A
144.74583333333334,-5.233333333333333,GRB130513A
196.645667,18.71,GRB130511A
305.3125,34.95,GRB130508A
137.061,17.484778,GRB130505A
91.71666666666667,3.85,GRB130504C
347.95416666666665,-5.733333333333333,GRB130504BS
272.3625,-16.35,GRB130504A
66.65,71.08333333333333,GRB130502B
138.568875,-0.123417,GRB130502A
314.898417,-22.546361,GRB130427B
173.136833,27.698944,GRB130427A
183.12083333333334,54.38333333333333,GRB130420B
196.106542,59.424083,GRB130420A
355.2708333333333,9.983333333333333,GRB130419A
149.03716699999995,13.667444,GRB130418A
134.4,-32.36666666666667,GRB130408A
248.09583333333333,10.516666666666667,GRB130407A
218.09166666666667,-69.51666666666667,GRB130327B
92.038708,55.715028,GRB130327A
122.77916666666667,-18.9,GRB130325A
157.54166666666666,-51.81666666666667,GRB130315A
236.425,-0.36666666666666664,GRB130313AS
142.3375,-17.233333333333334,GRB130310A
279.4791666666667,-11.683333333333334,GRB130306A
116.76666666666667,52.016666666666666,GRB130305A
58.875,2.033333333333333,GRB130216B
67.9,14.666666666666666,GRB130216A
43.502917,13.395389000000002,GRB130215A
147.52083333333334,-42.333333333333336,GRB130211A
140.375,-58.166666666666664,GRB130206A
173.95554199999995,15.038194,GRB130131B
171.126625,48.075917,GRB130131A
194.21666666666667,59.016666666666666,GRB130122A
310.90416666666664,-72.08333333333333,GRB130102B
311.4625,49.833333333333336,GRB130102A
190.1,-50.6,GRB121229A
168.65833333333333,-30.416666666666668,GRB121226AS
308.9125,-34.35,GRB121225B
264.8625,-66.06666666666666,GRB121225A
153.725,-62.3,GRB121217A
177.792917,78.037306,GRB121212A
195.54583333333332,30.166666666666668,GRB121211A
326.787208,-8.235306,GRB121209A
256.81666666666666,23.95,GRB121202A
13.467375,-42.942889,GRB121201A
300.5833333333333,54.31666666666667,GRB121128A
176.4375,-52.416666666666664,GRB121127A
228.52725,55.31333299999999,GRB121125A
307.317833,-11.859944,GRB121123A
171.70416666666668,-3.066666666666667,GRB121118B
299.37916666666666,65.65,GRB121118A
31.633333333333333,7.383333333333334,GRB121117A
83.1875,54.483333333333334,GRB121108A
270.90416666666664,-16.966666666666665,GRB121102A
170.77083333333334,-3.5166666666666666,GRB121031A
271.925,-2.283333333333333,GRB121028A
63.597667,-58.829833,GRB121027A
248.75,27.733333333333334,GRB121025A
70.472,-12.290778,GRB121024A
288.81666666666666,-1.6,GRB121017A
166.62916666666666,-29.116666666666667,GRB121014A
260.213417,41.110389,GRB121011A
276.03333333333336,-5.666666666666667,GRB121001A
136.6,-0.4166666666666667,GRB120927A
303.79583333333335,6.233333333333333,GRB120923A
234.7485,-20.181722,GRB120922A
302.6333333333333,-37.483333333333334,GRB120919B
214.76666666666668,-45.56666666666667,GRB120919A
181.05416666666667,-32.75,GRB120918A
205.62916666666666,36.7,GRB120916A
213.64583333333334,-14.533333333333333,GRB120913B
146.4375,26.983333333333334,GRB120913A
172.14583333333334,-37.7,GRB120911B
357.9625,63.1,GRB120911A
275.736333,-59.448361,GRB120909A
230.775,-25.5,GRB120908A
74.75,-9.315,GRB120907A
88.65,-28.983333333333334,GRB120830A
255.27083333333334,-40.516666666666666,GRB120821A
235.8875,-7.133333333333334,GRB120819A
8.320833333333333,-26.516666666666666,GRB120817BS
250.70416666666668,-38.333333333333336,GRB120817A
337.45,-1.6166666666666667,GRB120816BS
282.125,-6.983333333333333,GRB120816A
273.957583,-52.13113900000001,GRB120815A
199.682583,62.300778,GRB120811C
43.72083333333333,-30.233333333333334,GRB120811BS
257.18333333333334,-22.733333333333334,GRB120811A
241.2125,-47.483333333333334,GRB120807A
216.53799999999998,5.825472,GRB120805A
233.92916666666667,-28.766666666666666,GRB120804AS
314.225,53.28333333333333,GRB120803B
269.56666666666666,-6.716666666666667,GRB120803A
44.843125,13.768667,GRB120802A
13.054166666666667,49.93333333333333,GRB120729A
137.1,-54.43333333333333,GRB120728A
245.180625,3.507722,GRB120724A
230.496583,13.251278,GRB120722A
313.050417,9.59825,GRB120716A
355.40875,-46.183889,GRB120714B
167.97083333333333,-30.633333333333333,GRB120714A
169.5875,-20.023833,GRB120712A
331.6666666666667,60.016666666666666,GRB120711B
94.678458,-70.999083,GRB120711A
318.40833333333336,-50.03333333333333,GRB120709A
339.356708,-29.72325,GRB120703A
80.348,-58.549528,GRB120701A
352.29583333333335,42.55,GRB120630AS
170.884625,8.928556,GRB120624B
205.42916666666667,-1.7166666666666668,GRB120622A
126.725,-17.583333333333332,GRB120612A
165.99583333333334,-62.1,GRB120522A
214.286667,42.144778,GRB120521C
197.0125,-52.75,GRB120521B
148.69166666666666,-49.416666666666664,GRB120521AS
282.9916666666667,-4.25,GRB120514A
44.2875,72.85,GRB120510A
111.5375,-65.63333333333334,GRB120426A
23.983333333333334,-29.883333333333333,GRB120424A
136.90991699999998,14.01875,GRB120422A
187.37083333333334,-63.03333333333333,GRB120419A
234.979167,12.869722,GRB120404A
54.80833333333333,-89.03333333333333,GRB120403B
42.458333333333336,40.46666666666667,GRB120403AS
58.06666666666667,-17.666666666666668,GRB120401A
241.55,-39.333333333333336,GRB120328A
246.864417,-29.415,GRB120327A
273.904417,69.259833,GRB120326A
178.82083333333333,73.18333333333334,GRB120325A
291.0833333333333,24.15,GRB120324A
340.40833333333336,29.716666666666665,GRB120323A
212.517625,8.696583,GRB120320A
251.788333,23.858028,GRB120312A
258.5,-13.066666666666666,GRB120311B
273.0875,14.283333333333333,GRB120311A
219.083708,79.68675,GRB120308A
47.545833333333334,28.5,GRB120305AS
122.45,29.666666666666668,GRB120302A
20.033333333333335,-35.8,GRB120229AS
302.9291666666667,48.666666666666664,GRB120226A
40.942292,-17.761667000000006,GRB120224A
129.79166666666666,51.016666666666666,GRB120219A
319.7583333333333,-25.45,GRB120218A
30.033333333333335,8.783333333333333,GRB120215A
301.03333333333336,65.4,GRB120213A
43.104166666666664,-18.016666666666666,GRB120212A
87.753792,-24.775333,GRB120211A
203.51666666666668,22.8,GRB120202A
139.14166666666668,15.883333333333333,GRB120127A
249.3375,-23.983333333333334,GRB120121A
120.028875,-9.081583,GRB120119A
124.87100000000001,-7.184806,GRB120118B
195.36666666666667,-61.6,GRB120118A
16.241083,33.93075,GRB120116A
317.90416666666664,57.03333333333333,GRB120114A
246.4,-69.93333333333334,GRB120107A
66.12916666666666,64.03333333333333,GRB120106A
276.224542,24.713083,GRB120102A
76.28333333333333,-84.71666666666667,GRB111229A
150.066708,18.297722,GRB111228A
13.155625,51.571694,GRB111225A
189.77083333333334,65.83333333333333,GRB111222AS
222.40416666666667,16.433333333333334,GRB111215B
349.555458,32.494194,GRB111215A
310.40416666666664,-68.61666666666666,GRB111212A
153.09166666666667,11.183333333333334,GRB111211A
191.4875,-7.166666666666667,GRB111210A
14.344917,-46.801167,GRB111209A
290.21666666666664,40.666666666666664,GRB111208A
92.925,-39.5,GRB111207A
134.4875,-31.966666666666665,GRB111205A
336.628375,-31.374861,GRB111204A
190.48333333333332,33.0,GRB111201A
307.433958,-52.712917,GRB111129A
276.1,51.46666666666667,GRB111126A
154.846417,-20.644722,GRB111123A
154.75,-46.63333333333333,GRB111121A
12.704166666666667,23.016666666666666,GRB111117AS
118.19583333333334,-41.6,GRB111109A
129.48333333333332,-66.5,GRB111107A
265.70416666666665,1.5833333333333335,GRB111103B
322.12083333333334,-10.55,GRB111103A
44.69166666666667,57.083333333333336,GRB111029A
244.275,-47.5,GRB111026A
222.175,25.85,GRB111024A
108.964708,49.683639,GRB111022B
275.87083333333334,-23.666666666666668,GRB111022A
287.025,-37.983333333333334,GRB111020A
271.5,-3.8666666666666667,GRB111018A
290.5,-4.583333333333333,GRB111016B
153.80416666666667,27.483333333333334,GRB111016A
60.454166666666666,-32.68333333333333,GRB111008A
223.282417,-19.736722,GRB111005A
257.75416666666666,36.56666666666667,GRB110928A
294.07916666666665,36.38333333333333,GRB110921A
32.575,-27.283333333333335,GRB110918A
77.55,1.9333333333333333,GRB110915B
310.824542,-0.723167,GRB110915A
296.89166666666665,-26.216666666666665,GRB110906A
197.0375,59.0,GRB110903A
164.09583333333333,53.78333333333333,GRB110827A
44.895833333333336,15.4,GRB110825A
157.58333333333334,-54.6,GRB110820B
343.3333333333333,70.3,GRB110820A
317.337667,-63.981194,GRB110818A
85.29583333333333,32.45,GRB110815A
358.40833333333336,72.2,GRB110812A
57.267833,-44.19452800000001,GRB110808A
44.454166666666666,32.6,GRB110802AS
89.437208,80.955889,GRB110801A
280.504125,-28.537167,GRB110731A
286.75,56.05,GRB110726A
333.4,-39.0,GRB110721A
24.5625,34.56666666666667,GRB110719A
237.65833333333333,-46.233333333333334,GRB110715A
164.65425,-23.454778,GRB110709B
238.891417,40.924194,GRB110709A
340.0833333333333,53.95,GRB110708A
286.75,6.75,GRB110625A
308.15,74.81666666666666,GRB110610A
271.00416666666666,18.466666666666665,GRB110604A
282.04583333333335,62.083333333333336,GRB110530A
120.14583333333333,45.8,GRB110521A
134.34075,56.427361,GRB110520A
261.62916666666666,-23.4,GRB110519A
67.17916666666666,-34.2,GRB110518A
132.776083,52.207528,GRB110503A
5.3,64.8,GRB110428A
221.0,-11.166666666666666,GRB110426A
112.046792,75.106778,GRB110422A
320.05,-41.266666666666666,GRB110420BS
2.1666666666666665,-37.85,GRB110420A
97.875,24.366666666666667,GRB110414A
133.49166666666667,13.516666666666667,GRB110412A
291.4375,67.73333333333333,GRB110411A
186.031375,15.712944,GRB110407A
17.341666666666665,35.81666666666667,GRB110406A
197.42083333333332,61.233333333333334,GRB110402A
117.6,43.2,GRB110328B
326.075,-56.766666666666666,GRB110319B
356.4,-66.01666666666667,GRB110319A
211.69583333333333,-51.56666666666667,GRB110318B
338.275,-15.283333333333333,GRB110318A
279.19166666666666,17.533333333333335,GRB110315A
157.48125,-5.262417,GRB110312A
260.87916666666666,-15.783333333333333,GRB110305A
150.275,-68.33333333333333,GRB110223B
345.6,87.56666666666666,GRB110223A
41.6125,1.1833333333333333,GRB110213B
43.00416666666667,49.28333333333333,GRB110213A
69.05416666666666,43.7,GRB110212A
13.079166666666667,7.783333333333333,GRB110210A
22.483333333333334,-20.633333333333333,GRB110208A
12.541666666666666,-10.8,GRB110207A
92.37083333333334,-58.78333333333333,GRB110206A
164.62966699999996,67.52533299999999,GRB110205A
137.06666666666666,88.6,GRB110201A
193.896292,28.065444,GRB110128A
348.55833333333334,5.983333333333333,GRB110119A
10.6,64.4,GRB110112B
329.94166666666666,26.483333333333334,GRB110112AS
299.89166666666665,41.88333333333333,GRB110107A
134.15525,47.002889,GRB110106B
79.28333333333333,64.18333333333334,GRB110106A
245.87916666666666,7.616666666666667,GRB110102A
0.197917,44.600667,GRB101225A
285.925,45.71666666666667,GRB101224AS
12.258333333333333,-34.53333333333333,GRB101219B
74.61666666666666,-2.533333333333333,GRB101219AS
241.313708,21.896972,GRB101213A
167.55,-20.433333333333334,GRB101204A
1.9541666666666666,-16.2,GRB101201A
155.92083333333332,-17.65,GRB101129AS
172.90833333333333,-72.66666666666667,GRB101117B
303.19166666666666,14.033333333333333,GRB101114A
292.225,39.35,GRB101112A
166.39166666666668,-16.383333333333333,GRB101030A
66.50720799999999,-77.265528,GRB101024A
317.95416666666665,-65.4,GRB101023A
189.56666666666666,23.166666666666668,GRB101020A
291.385542,-35.145333,GRB101017A
48.294875,-65.981667,GRB101011A
328.89166666666665,37.06666666666667,GRB101008A
223.0375,-28.566666666666666,GRB100928A
0.6708333333333334,7.016666666666667,GRB100924A
289.26666666666665,-17.1,GRB100917A
85.37916666666666,25.083333333333332,GRB100915B
315.65,65.66666666666667,GRB100915A
73.95,54.65,GRB100909A
28.708333333333332,55.61666666666667,GRB100906A
31.55025,14.929306,GRB100905A
172.92083333333332,-16.216666666666665,GRB100904A
48.645833333333336,30.966666666666665,GRB100902A
27.26425,22.758556,GRB100901A
20.704042,5.834278,GRB100823A
351.7416666666667,26.566666666666666,GRB100816AS
22.473375,-17.995444,GRB100814A
55.325,67.68333333333334,GRB100807A
299.875,52.61666666666667,GRB100805A
2.468625,47.755306,GRB100802A
44.05416666666667,-0.2833333333333333,GRB100728B
77.06666666666666,-14.333333333333334,GRB100728A
154.16666666666666,-21.366666666666667,GRB100727A
290.034417,76.956417,GRB100725B
166.51666666666668,-26.683333333333334,GRB100725A
120.04166666666667,76.73333333333333,GRB100724B
194.543333,-11.1025,GRB100724A
112.2625,-5.833333333333333,GRB100719A
255.20833333333334,28.383333333333333,GRB100713A
358.0208333333333,-8.65,GRB100707A
133.6375,-24.216666666666665,GRB100704A
9.520833333333334,-25.716666666666665,GRB100703AS
245.70416666666668,-56.53333333333333,GRB100702AS
225.96666666666667,-31.666666666666668,GRB100628AS
15.770833333333334,-39.083333333333336,GRB100625AS
315.30833333333334,-51.083333333333336,GRB100621A
84.61666666666666,-27.0,GRB100619A
177.20833333333334,-19.5,GRB100615A
263.499625,49.234472,GRB100614A
350.626583,-66.241333,GRB100606A
311.12083333333334,27.816666666666666,GRB100528A
0.7,-37.9,GRB100526B
230.78333333333333,25.633333333333333,GRB100526A
306.98333333333335,9.416666666666666,GRB100522A
304.8041666666667,-24.533333333333335,GRB100518A
328.8208333333333,29.166666666666668,GRB100514A
169.57916666666668,3.6,GRB100513A
355.94166666666666,-35.583333333333336,GRB100510A
76.24579200000002,-20.711417,GRB100508A
255.57083333333333,-35.6,GRB100504A
89.17083333333333,-3.466666666666667,GRB100427A
299.1965830000001,-26.430722,GRB100425A
209.447625,1.538583,GRB100424A
136.475,21.483333333333334,GRB100423A
296.127375,55.76944399999999,GRB100420A
256.362875,11.46175,GRB100418A
7.45,-16.4,GRB100415A
183.61666666666667,20.45,GRB100414A
356.81666666666666,51.31666666666667,GRB100413B
266.21666666666664,15.833333333333334,GRB100413A
290.8125,-8.25,GRB100401A
302.9875,-11.066666666666666,GRB100331B
261.05833333333334,-58.95,GRB100331A
330.2416666666667,-26.466666666666665,GRB100325A
98.6125,-9.733333333333333,GRB100324A
76.4875,42.68333333333333,GRB100322BS
107.61666666666666,-56.15,GRB100316D
32.291666666666664,-68.01666666666667,GRB100316C
163.5,-45.483333333333334,GRB100316B
252.03333333333333,71.83333333333333,GRB100316A
168.366958,42.403972,GRB100305A
195.34583333333333,74.58333333333333,GRB100302A
310.3,-59.4,GRB100225A
83.46666666666667,-8.0,GRB100224A
154.22083333333333,-12.566666666666666,GRB100219A
154.2625,35.516666666666666,GRB100216AS
124.3375,43.45,GRB100213B
349.4291666666667,43.38333333333333,GRB100213AS
356.4625,49.5,GRB100212A
47.175,13.166666666666666,GRB100206AS
141.387583,31.740278000000004,GRB100205A
96.225,4.8,GRB100203A
299.325,-53.166666666666664,GRB100119A
11.258333333333333,-1.6,GRB100117AS
305.0208333333333,14.45,GRB100116A
3.3333333333333335,-0.8166666666666667,GRB100115A
247.0375,15.55,GRB100111A
112.3625,-34.45,GRB100103A
132.9625,-53.88333333333333,GRB091230
55.75416666666667,23.216666666666665,GRB091221
29.392042,16.889667000000006,GRB091208B
0.275,65.66666666666667,GRB091208
138.79583333333332,62.55,GRB091202
203.148292,34.088778000000005,GRB091130B
36.582875,-18.952361,GRB091127
226.80833333333334,-21.783333333333335,GRB091120
30.945833333333333,-16.95,GRB091117S
257.75,-36.733333333333334,GRB091112
137.8125,-45.916666666666664,GRB091111
112.75,-54.1,GRB091109BS
309.25,-44.18333333333333,GRB091109
208.72083333333333,47.38333333333333,GRB091104
72.62083333333334,-72.53333333333333,GRB091102
70.7,-61.583333333333336,GRB091031
60.18333333333333,-56.0,GRB091029
276.574292,-86.11155600000002,GRB091026
339.2083333333333,56.86666666666667,GRB091024
175.729917,50.978306,GRB091020
32.185875,-57.548278,GRB091018
306.12916666666666,-6.166666666666667,GRB091015
298.6666666666667,-22.533333333333335,GRB091010
251.5195,36.625194,GRB091003
117.70416666666667,-0.6333333333333333,GRB090929B
56.49166666666667,-5.966666666666667,GRB090929
343.95416666666665,-70.98333333333333,GRB090927
46.308083,-39.006167,GRB090926B
353.400125,-66.324056,GRB090926
126.57916666666667,25.933333333333334,GRB090916
237.99166666666667,15.483333333333333,GRB090915
188.09166666666667,61.516666666666666,GRB090912
264.19166666666666,-25.216666666666665,GRB090904B
100.88333333333334,50.2,GRB090904
265.0,27.333333333333332,GRB090902B
108.27916666666667,-25.1,GRB090831C
145.4,51.4,GRB090831
18.433333333333334,-50.9,GRB090827
128.7125,60.666666666666664,GRB090823
63.99166666666667,44.13333333333333,GRB090817
64.49166666666666,-65.95,GRB090815C
64.74583333333334,60.6,GRB090814B
239.609792,25.631222,GRB090814
227.01666666666668,88.56666666666666,GRB090813
353.202292,-10.604722,GRB090812
328.6458333333333,-0.08333333333333333,GRB090809
273.74583333333334,10.283333333333333,GRB090807
29.652667,41.633167,GRB090728
315.97083333333336,64.91666666666667,GRB090727
248.81666666666666,72.86666666666666,GRB090726
203.69583333333333,-10.333333333333334,GRB090720
251.34583333333333,44.833333333333336,GRB090715B
152.12083333333334,10.0,GRB090715S
70.10416666666667,22.55,GRB090712
93.59166666666667,64.08333333333333,GRB090709B
289.93333333333334,60.733333333333334,GRB090709
154.62916666666666,26.633333333333333,GRB090708
208.20416666666668,22.783333333333335,GRB090704
175.8875,11.5,GRB090702
237.05,-15.75,GRB090628
170.00833333333333,-33.5,GRB090626
2.2625,-65.78333333333333,GRB090625B
313.43333333333334,69.01666666666667,GRB090621BS
10.9875,61.96666666666667,GRB090621
293.9955,78.356861,GRB090618
191.20833333333334,44.13333333333333,GRB090607
252.0625,-36.016666666666666,GRB090531B
178.6875,7.8,GRB090531
179.41875,26.594056,GRB090530
212.475,24.433333333333334,GRB090529
11.6125,-8.0,GRB090520
142.29166666666666,-0.18333333333333332,GRB090519
119.9545,0.759444,GRB090518
138.2605,-11.85425,GRB090516
164.17083333333332,14.45,GRB090515S
333.5541666666667,-26.6,GRB090510S
241.40416666666667,-28.4,GRB090509
210.70416666666668,32.166666666666664,GRB090429B
90.55833333333334,-52.38333333333333,GRB090429
235.92916666666667,-13.5,GRB090427
189.09166666666667,32.96666666666667,GRB090426S
189.521292,16.837528,GRB090424
148.89583333333334,18.116666666666667,GRB090423
294.7495830000001,40.384222,GRB090422
196.975,-75.6,GRB090419
225.90833333333333,17.216666666666665,GRB090418B
269.31320800000003,33.405916999999995,GRB090418
209.70416666666668,47.0,GRB090417B
34.99583333333333,-7.183333333333334,GRB090417S
334.9791666666667,15.466666666666667,GRB090410
68.95833333333333,-12.666666666666666,GRB090407
239.239667,35.515972,GRB090404
95.1,-8.966666666666667,GRB090401B
350.90833333333336,29.766666666666666,GRB090401
90.87083333333334,-41.95,GRB090328
257.1791666666667,-48.15,GRB090324
190.709542,17.053222,GRB090323
198.39583333333334,8.1,GRB090313
284.9791666666667,-25.266666666666666,GRB090309
183.525,-48.88333333333333,GRB090308
244.97916666666666,-28.65,GRB090307
231.20416666666668,-6.95,GRB090306B
241.75833333333333,-31.566666666666666,GRB090305S
338.14166666666665,26.65,GRB090301
204.9,-8.4,GRB090217
220.911042,-27.852972,GRB090205
92.052,-46.590056,GRB090201
269.09166666666664,-32.833333333333336,GRB090129
3.845833333333333,81.36666666666666,GRB090126
6.775,-23.516666666666666,GRB090123
49.86666666666667,18.483333333333334,GRB090118
164.00416666666666,-58.25,GRB090117
32.075,33.45,GRB090113
251.64583333333334,-0.08333333333333333,GRB090111
284.8125,59.6,GRB090107B
302.425,4.733333333333333,GRB090107
128.24391699999998,33.114194,GRB090102
37.31666666666667,-25.133333333333333,GRB081230
39.46225,30.852917,GRB081228
25.4625,-47.416666666666664,GRB081226BS
120.525,-69.0,GRB081226S
22.75,-34.13333333333333,GRB081222
15.804166666666667,-24.533333333333335,GRB081221
168.22916666666666,53.85,GRB081211B
328.0875,-33.81666666666667,GRB081211
70.484167,-11.257417,GRB081210
349.71666666666664,-60.166666666666664,GRB081204
228.79166666666666,44.43333333333333,GRB081203B
233.03333333333333,63.5,GRB081203
20.804375,38.127417,GRB081128
332.09166666666664,6.866666666666667,GRB081127
323.5416666666667,48.71666666666667,GRB081126
89.2625,-60.63333333333333,GRB081121
82.59166666666667,-43.3,GRB081118
330.7875,-54.71666666666667,GRB081109
3.966666666666667,3.45,GRB081105
100.48333333333333,-54.733333333333334,GRB081104
331.18333333333334,53.0,GRB081102
95.825,-0.08333333333333333,GRB081101S
346.70416666666665,-68.16666666666667,GRB081029
121.89166666666667,2.3166666666666664,GRB081028
245.3,60.46666666666667,GRB081025
322.9,21.2,GRB081024B
27.9,61.35,GRB081024
226.61666666666667,12.416666666666666,GRB081022
230.17916666666667,-32.81666666666667,GRB081017
14.616666666666667,-43.55,GRB081016B
255.56666666666666,-23.333333333333332,GRB081016
30.216666666666665,-17.633333333333333,GRB081012
220.3625,33.6,GRB081011
279.958333,-57.431111,GRB081008
339.975,-40.13333333333333,GRB081007
285.1166666666667,16.683333333333334,GRB081003B
262.375,16.566666666666666,GRB081003
276.575,-8.75,GRB081001
95.08333333333333,-55.166666666666664,GRB080928
270.84583333333336,-22.483333333333334,GRB080922
265.2875,-42.4,GRB080919S
119.87916666666666,-56.583333333333336,GRB080916C
163.625,69.05,GRB080916B
336.275792,-57.023,GRB080916
213.07916666666668,-11.466666666666667,GRB080915B
18.004166666666666,-76.01666666666667,GRB080915
65.725,-25.116666666666667,GRB080913
227.89166666666668,-80.48333333333333,GRB080906
301.72083333333336,-62.56666666666667,GRB080905B
287.6625,-18.883333333333333,GRB080905S
86.79583333333333,51.333333333333336,GRB080903
199.62916666666666,-65.93333333333334,GRB080828
209.28333333333333,-68.95,GRB080825B
63.49583333333333,25.75,GRB080822B
356.793667,0.319472,GRB080810
314.2291666666667,-62.43333333333333,GRB080805
328.7,-53.2,GRB080804
270.725,-32.333333333333336,GRB080802
32.645833333333336,64.15,GRB080727C
276.87083333333334,1.1666666666666667,GRB080727B
208.3875,-18.55,GRB080727
20.395833333333332,13.916666666666666,GRB080726
121.71666666666667,-13.983333333333333,GRB080725
176.79166666666666,-60.233333333333334,GRB080723B
274.5125,-6.916666666666667,GRB080723
224.47083333333333,-11.716666666666667,GRB080721
188.10833333333332,-60.28333333333333,GRB080714
8.273541999999999,19.501472,GRB080710
32.618333,33.109528000000005,GRB080707
101.86666666666666,-63.21666666666667,GRB080703
355.6,-5.483333333333333,GRB080702B
312.8541666666667,72.3,GRB080702S
45.8375,75.48333333333333,GRB080701
298.44166666666666,56.266666666666666,GRB080625
237.65833333333333,-62.03333333333333,GRB080623
173.79583333333332,-7.1,GRB080613B
213.25416666666666,5.15,GRB080613
194.96666666666667,15.9,GRB080607
262.12916666666666,4.0,GRB080605
236.965417,20.557806,GRB080604
176.531917,68.061083,GRB080603B
279.37916666666666,62.733333333333334,GRB080603
19.175708,-9.232194,GRB080602
20.733333333333334,-64.05,GRB080523
280.193375,-54.991972,GRB080520
102.25416666666666,50.733333333333334,GRB080517
120.62916666666666,-26.183333333333334,GRB080516
3.15,32.6,GRB080515X
322.8208333333333,-0.7333333333333333,GRB080514B
233.72083333333333,56.416666666666664,GRB080507
329.43333333333334,39.0,GRB080506
286.6166666666667,68.78333333333333,GRB080503S
165.31129199999995,51.685694,GRB080430
26.575,69.48333333333333,GRB080426
272.125,-18.866666666666667,GRB080414
326.1445,-19.981111,GRB080413B
287.2916666666667,-27.683333333333334,GRB080413
37.979958,-71.302028,GRB080411
84.33333333333333,5.083333333333333,GRB080409
114.67916666666666,33.3,GRB080408
162.59583333333333,-4.25,GRB080405
169.268708,30.623194,GRB080330
80.47916666666667,47.516666666666666,GRB080328
277.8958333333333,36.516666666666666,GRB080325
177.735083,57.156639,GRB080320
99.47916666666667,23.933333333333334,GRB080319D
258.975,55.416666666666664,GRB080319C
217.92075,36.302444,GRB080319B
206.333375,44.080167,GRB080319
155.18333333333334,41.733333333333334,GRB080315
220.07916666666668,-0.16666666666666666,GRB080310
136.62866699999998,35.138694,GRB080307
112.075,-70.23333333333333,GRB080303
199.22083333333333,-64.88333333333334,GRB080229B
228.21666666666667,-14.716666666666667,GRB080229
177.956875,-53.09680600000001,GRB080218BX
355.92083333333335,12.166666666666666,GRB080218
231.10833333333332,-22.75,GRB080212
43.96666666666667,60.03333333333333,GRB080211
251.266708,13.826694,GRB080210
207.5125,7.516666666666667,GRB080207
98.252583,62.792194,GRB080205
261.675,-53.18333333333333,GRB080130
105.27916666666667,-7.833333333333333,GRB080129
338.9291666666667,-64.88333333333334,GRB080123S
191.35,27.016666666666666,GRB080122
137.23333333333332,41.833333333333336,GRB080121
225.2875,-10.9,GRB080120
58.12083333333333,-55.95,GRB071227S
220.09166666666667,-26.7,GRB071129
276.605458,47.075028,GRB071122
299.81666666666666,70.1,GRB071118
335.043417,-63.44319399999999,GRB071117
39.212208,28.371306,GRB071112C
260.3041666666667,-80.88333333333334,GRB071112B
289.9125,2.05,GRB071109
295.6,14.65,GRB071104
48.19166666666667,62.46666666666667,GRB071101
6.458333333333333,-58.05,GRB071031
354.1625,-31.633333333333333,GRB071028B
119.84583333333333,21.5,GRB071028
355.071125,31.778556,GRB071025
340.6375,23.666666666666668,GRB071021
119.66575,32.861111,GRB071020
164.675,53.833333333333336,GRB071018
279.525,33.85,GRB071013
8.4,61.06666666666667,GRB071011
338.0541666666667,66.16666666666667,GRB071010C
150.52916666666667,45.733333333333334,GRB071010B
288.1,-32.38333333333333,GRB071010
151.54583333333332,44.333333333333336,GRB071008
335.27916666666664,-23.15,GRB071006
301.8541666666667,10.966666666666667,GRB071003
149.76666666666668,-59.75,GRB071001
253.1875,-22.016666666666666,GRB070925
184.625,-38.266666666666666,GRB070923
0.14583333333333334,-34.81666666666667,GRB070920B
100.93333333333334,72.23333333333333,GRB070920
293.925,2.4166666666666665,GRB070917
228.83333333333334,-24.333333333333332,GRB070913
25.8,-33.46666666666667,GRB070911
8.941666666666666,8.833333333333334,GRB070810B
189.97083333333333,10.733333333333333,GRB070810
203.78333333333333,-22.133333333333333,GRB070809S
6.764042,1.176222,GRB070808
245.04166666666666,-59.95,GRB070805
36.898667,-55.527472,GRB070802
328.5708333333333,-15.75,GRB070731
56.32083333333333,-35.31666666666667,GRB070729
17.629166666666666,57.666666666666664,GRB070724B
27.816666666666666,-18.616666666666667,GRB070724S
33.12916666666667,-2.183333333333333,GRB070721B
3.175,-28.55,GRB070721X
57.854166666666664,28.3,GRB070714BS
42.93333333333333,30.233333333333334,GRB070714X
267.84583333333336,-68.9,GRB070707S
354.725,66.25,GRB070704
115.28333333333333,-20.283333333333335,GRB070628
323.79200000000003,-24.817528,GRB070621
32.15416666666667,56.95,GRB070616
44.3,-4.4,GRB070615
261.7125,-8.716666666666667,GRB070612B
121.38333333333334,37.266666666666666,GRB070612
1.9875,-29.75,GRB070611
6.679166666666666,74.3,GRB070531
283.75,20.633333333333333,GRB070529
242.67083333333332,30.233333333333334,GRB070521
121.95,57.61666666666667,GRB070520B
193.31666666666666,75.0,GRB070520
254.225,55.3,GRB070518
277.57916666666665,-62.333333333333336,GRB070517
237.925,-78.68333333333334,GRB070509
312.800292,-78.385278,GRB070508
347.218292,10.722444,GRB070506
328.025,-38.85,GRB070429BS
297.702958,-32.404194,GRB070429
28.8625,-27.633333333333333,GRB070427
121.25416666666666,-45.56666666666667,GRB070420
315.707583,-31.263694,GRB070419B
182.745167,39.925333,GRB070419
181.541875,40.143194,GRB070412
107.333042,1.064611,GRB070411
198.95416666666668,16.533333333333335,GRB070406S
311.18333333333334,27.4,GRB070402
269.541583,-63.793,GRB070330
65.11533299999999,-34.066861,GRB070328
48.541666666666664,-42.96666666666667,GRB070318
87.57083333333334,3.3666666666666667,GRB070311
263.6875,-37.96666666666667,GRB070309
148.08333333333334,10.466666666666667,GRB070306
120.56666666666666,-46.3,GRB070227
179.02770800000005,-13.330222,GRB070224
153.451625,43.13352800000001,GRB070223
34.82083333333333,68.81666666666666,GRB070220
260.191875,69.370194,GRB070219
46.2375,-47.36666666666667,GRB070209S
197.92083333333332,61.96666666666667,GRB070208
37.00375,11.684444,GRB070129
33.458333333333336,-73.51666666666667,GRB070126
117.85,31.133333333333333,GRB070125
221.38333333333333,54.56666666666667,GRB070124S
0.91375,-52.974139,GRB070110
159.40833333333333,-53.2,GRB070107
352.5575,26.876222,GRB070103
105.3525,-25.86,GRB061222B
358.291667,46.55833300000001,GRB061222
149.22083333333333,-35.15,GRB061218
160.44166666666666,-21.116666666666667,GRB061217S
144.5125,15.633333333333333,GRB061210S
105.525292,-74.698528,GRB061202
331.97083333333336,-74.6,GRB061201S
86.625,64.18333333333334,GRB061126
303.8375,15.516666666666667,GRB061122
147.227417,-13.195194,GRB061121
323.918333,6.892806,GRB061110B
336.2914580000001,-2.258861,GRB061110
148.40416666666667,-17.066666666666666,GRB061102
97.227083,46.298667,GRB061028
270.8125,-82.23333333333333,GRB061027
300.9125,-48.25,GRB061025
145.150583,-21.951222,GRB061021
91.61666666666666,29.566666666666666,GRB061019
46.331667,-50.500694,GRB061007
111.09166666666667,-79.2,GRB061006S
97.79375,-45.906833,GRB061004
220.34583333333333,48.733333333333334,GRB061002
304.4916666666667,-23.633333333333333,GRB060930
263.1666666666667,29.816666666666666,GRB060929
127.6375,-42.21666666666667,GRB060928
329.549708,5.363972,GRB060927
263.93208300000003,13.0385,GRB060926
346.125,3.95,GRB060923C
238.194583,-30.903806,GRB060923B
254.625,12.383333333333333,GRB060923
276.924167,-51.014472,GRB060919
271.2375,-19.883333333333333,GRB060912B
5.284,20.971611,GRB060912
31.82625,0.341944,GRB060908
40.75375,30.361694,GRB060906
58.2125,-0.7166666666666667,GRB060904B
237.72875,44.9855,GRB060904
287.15833333333336,-6.633333333333333,GRB060901
18.1,55.8,GRB060825
221.34583333333333,20.583333333333332,GRB060814
111.86666666666666,-29.85,GRB060813
252.52916666666667,31.583333333333332,GRB060807
272.5083333333333,58.15,GRB060805B
220.931125,12.586444,GRB060805
112.2,-27.233333333333334,GRB060804
213.025,16.983333333333334,GRB060801S
95.382458,-62.370222,GRB060729
16.691666666666666,-41.38333333333333,GRB060728
18.454166666666666,-48.36666666666667,GRB060719
170.8625,28.95,GRB060717S
227.860417,-6.566194,GRB060714
184.0625,35.56666666666667,GRB060712
7.807583,-33.759,GRB060708
357.079167,-17.904722,GRB060707
320.883667,-53.026722,GRB060614
42.03333333333333,14.733333333333333,GRB060607B
329.71,-22.496306,GRB060607
322.1555,-6.092028,GRB060605
337.229208,-10.948833,GRB060604
149.575,-0.31666666666666665,GRB060602
232.8265,0.284694,GRB060526
322.936667,2.886194,GRB060522
71.17916666666666,-18.116666666666667,GRB060516
127.2875,73.55,GRB060515
195.774208,41.190889,GRB060512
239.123417,78.570278,GRB060510B
95.87083333333334,-1.1666666666666667,GRB060510
89.97083333333333,75.23333333333333,GRB060507
331.76666666666665,-27.816666666666666,GRB060505
278.9375,52.63333333333333,GRB060502BS
240.92700000000002,66.60069399999999,GRB060502
328.3666666666667,43.983333333333334,GRB060501
115.4875,-24.966666666666665,GRB060429
235.35,62.016666666666666,GRB060428BX
123.56666666666666,-37.166666666666664,GRB060428
124.30416666666666,62.61666666666667,GRB060427
7.354166666666667,36.81666666666667,GRB060424
343.62916666666666,62.733333333333334,GRB060421
236.42083333333332,-3.65,GRB060418
291.3,13.8,GRB060413
282.3041666666667,8.333333333333334,GRB060403
174.40833333333333,49.96666666666667,GRB060323
274.24583333333334,-36.7,GRB060322
176.38704199999995,60.010861,GRB060319
66.60833333333333,-10.866666666666667,GRB060313S
45.766666666666666,12.816666666666666,GRB060312
41.095458,-2.148333,GRB060306
254.24166666666667,-30.8,GRB060223B
55.20725,-17.13,GRB060223
241.80833333333334,32.333333333333336,GRB060219
50.415333,16.867167000000002,GRB060218X
141.6,-9.15,GRB060213
75.07083333333334,14.95,GRB060211B
58.4,21.483333333333334,GRB060211
57.73904200000001,27.026222,GRB060210
202.93099999999998,35.051,GRB060206
92.725,70.16666666666667,GRB060204C
211.812542,27.677056,GRB060204B
232.28333333333333,-39.46666666666667,GRB060204
103.5125,71.81666666666666,GRB060203
35.845875,38.384222,GRB060202
229.225,-36.916666666666664,GRB060130
77.10625,69.74055600000001,GRB060124
179.75,45.516666666666666,GRB060123
137.4875,45.666666666666664,GRB060121S
327.925,-59.983333333333334,GRB060117
84.6925,-5.436889,GRB060116
54.06,17.345278,GRB060115
195.28333333333333,-4.733333333333333,GRB060114
286.3375,70.36666666666666,GRB060111B
276.2125,37.6,GRB060111
72.74166666666666,28.383333333333333,GRB060110
282.7083333333333,31.983333333333334,GRB060109
147.00825,31.919056,GRB060108
297.475,46.36666666666667,GRB060105
328.8541666666667,-1.85,GRB060102
125.27083333333333,31.933333333333334,GRB051227S
312.3958333333333,53.05,GRB051221B
328.7125,16.9,GRB051221S
252.12083333333334,-59.2,GRB051213
345.6333333333333,55.083333333333336,GRB051211B
104.05416666666666,32.68333333333333,GRB051211
330.1958333333333,-57.63333333333333,GRB051210S
85.18075,-19.274222,GRB051117B
228.40416666666667,30.866666666666667,GRB051117
226.275,60.15,GRB051114
187.22083333333333,-26.383333333333333,GRB051113
348.137833,18.374472,GRB051111
345.44166666666666,38.666666666666664,GRB051109BX
330.272083,40.82313900000001,GRB051109
9.466666666666667,-40.483333333333334,GRB051105B
265.2875,34.916666666666664,GRB051105S
148.14166666666668,68.85,GRB051103S
27.1625,47.81666666666667,GRB051028
359.0,19.6,GRB051022
126.0375,-45.516666666666666,GRB051021B
29.1,9.116666666666667,GRB051021
132.115833,13.65575,GRB051016B
122.8125,-18.316666666666666,GRB051016
270.5625,-52.8,GRB051012
202.873125,42.098139,GRB051008
110.80633300000001,9.506778,GRB051006
350.953042,-31.523139,GRB051001
303.4458333333333,34.333333333333336,GRB050925S
317.35875,-8.761056,GRB050922C
5.805708,-5.604639,GRB050922B
271.15416666666664,-32.016666666666666,GRB050922X
267.60833333333335,-25.416666666666668,GRB050918
135.99166666666667,-51.43333333333333,GRB050916
219.09583333333333,-67.4,GRB050915B
81.686667,-28.016444,GRB050915
13.691666666666666,-38.86666666666667,GRB050911S
20.461458,-12.954778,GRB050908
52.80416666666667,-14.616666666666667,GRB050906S
13.711667000000002,14.086110999999999,GRB050904
64.27916666666667,18.216666666666665,GRB050827
87.72916666666667,-2.6833333333333336,GRB050826
12.234208,22.609222,GRB050824X
51.079167,-46.016667,GRB050822X
135.558333,-72.666667,GRB050820B
337.408792,19.560306,GRB050820
358.756708,24.860806,GRB050819
293.575,9.166666666666666,GRB050815
264.189125,46.339333,GRB050814
242.00833333333333,11.25,GRB050813S
303.2,-37.36666666666667,GRB050807
350.657708,5.785694,GRB050803
219.273708,27.786721999999997,GRB050802
204.145833,-21.928055999999998,GRB050801
212.075583,-3.743528,GRB050730
200.049833,-32.064333000000005,GRB050726
246.2125,-27.516666666666666,GRB050724S
253.44583333333333,-28.383333333333333,GRB050721
214.33333333333334,-50.53333333333333,GRB050717
338.59583333333336,38.7,GRB050716
155.67083333333332,-0.06666666666666667,GRB050715
169.698792,-15.546944,GRB050714B
43.5875,69.13333333333334,GRB050714
307.84166666666664,60.916666666666664,GRB050713B
320.5375,77.06666666666666,GRB050713
77.69166666666666,64.9,GRB050712
345.375,-38.983333333333334,GRB050709S
227.2875,-59.416666666666664,GRB050701
186.74583333333334,-63.13333333333333,GRB050626
300.1666666666667,9.133333333333333,GRB050607
39.986833000000004,-25.181917000000002,GRB050603
353.52916666666664,45.95,GRB050528
278.135708,26.339583,GRB050525
200.154167,24.783333,GRB050522X
192.508333,30.45,GRB050520
193.28333333333333,-44.85,GRB050509CX
189.05416666666667,29.0,GRB050509BS
310.5875,54.06666666666667,GRB050509
48.05416666666667,-11.066666666666666,GRB050507
141.792917,30.27325,GRB050505
201.004167,40.666667,GRB050504
142.54191699999998,16.99625,GRB050502B
202.442917,42.674361,GRB050502
324.429167,55.783333,GRB050422
307.241667,73.666667,GRB050421
44.34166666666667,-18.533333333333335,GRB050418
133.85416666666666,11.166666666666666,GRB050416B
188.477458,21.057278,GRB050416X
181.12083333333334,-1.25,GRB050412
89.74583299999999,79.6,GRB050410
180.47916666666666,10.866666666666667,GRB050408
34.467917,-50.1875,GRB050406X
247.849208,2.223389,GRB050401
6.858333333333333,-71.36666666666666,GRB050326
154.199,43.548583,GRB050319
49.713125,-46.395472,GRB050318
306.475417,-42.600611,GRB050315
282.3208333333333,-9.166666666666666,GRB050306
271.385417,-62.4725,GRB050223
81.316917,-57.757806,GRB050219B
166.4,-40.683333000000005,GRB050219
174.45,40.8,GRB050215BX
348.3833333333333,49.31666666666667,GRB050215
126.5375,19.683333333333334,GRB050209
290.575,-38.733333333333334,GRB050202S
252.8,-3.0833333333333335,GRB050129
219.573583,-34.765194,GRB050128
278.1125,42.38333333333333,GRB050126
192.877208,13.044194000000001,GRB050124
157.89166666666668,-11.566666666666666,GRB050123
358.425,65.93333333333334,GRB050117
336.64166666666665,5.05,GRB041228
79.54166666666667,73.35,GRB041226
56.2,-6.65,GRB041224
100.18333333333334,-37.06666666666667,GRB041223
291.2875,60.61666666666667,GRB041220
343.9625,-76.8,GRB041219C
167.675,-33.45,GRB041219B
6.108333333333333,62.833333333333336,GRB041219
24.775,71.33333333333333,GRB041218
164.79166666666666,-17.95,GRB041217
100.8,20.4,GRB041211
26.183333333333334,-4.4,GRB041016
4.654166666666667,66.86666666666666,GRB041015
13.709042000000002,1.235278,GRB041006
31.593833,16.113472,GRB040924
345.375,-5.583333333333333,GRB040916X
359.225,-1.0,GRB040912X
270.84166666666664,-25.25,GRB040903X
229.24583333333334,-16.133333333333333,GRB040827
341.64166666666665,-2.4,GRB040825BX
344.74583333333334,-10.933333333333334,GRB040825
246.52083333333334,-44.71666666666667,GRB040812X
358.53333333333336,-35.06666666666667,GRB040810
281.85,-44.483333333333334,GRB040802
238.31666666666666,-56.45,GRB040730
313.47083333333336,-28.216666666666665,GRB040709
311.94291699999997,-40.236944,GRB040701X
195.04166666666666,-3.5833333333333335,GRB040624
221.95833333333334,-44.25,GRB040511
232.9,-39.71666666666667,GRB040425
226.68333333333334,-24.8,GRB040423
280.5,1.9833333333333334,GRB040422
115.22916666666667,68.21666666666667,GRB040403
208.47083333333333,-52.35,GRB040323
152.67083333333332,-23.783333333333335,GRB040319
153.05,-7.333333333333333,GRB040228B
249.89166666666668,-41.93333333333333,GRB040223
178.0625,-46.766666666666666,GRB040106
69.89166666666667,7.366666666666666,GRB031220
120.625,-39.85125,GRB031203
59.770833333333336,34.6,GRB031111BX
72.43333333333334,17.466666666666665,GRB031111
4.2625,-7.15,GRB031109BX
49.675,28.366666666666667,GRB031026
314.5083333333333,-2.2,GRB030913
1.2583333333333333,19.916666666666668,GRB030824X
322.6958333333333,21.983333333333334,GRB030823X
325.6375,-45.2,GRB030821
308.4458333333333,-50.766666666666666,GRB030725
327.375,-27.7,GRB030723X
256.008333,-22.65,GRB030528X
241.15,-33.46666666666667,GRB030519B
81.6,7.15,GRB030509
283.57916666666665,23.866666666666667,GRB030501B
286.375,6.3,GRB030501
183.28125,-20.913806,GRB030429X
163.72083333333333,-6.983333333333333,GRB030418
166.7125,-2.8833333333333333,GRB030416X
119.8875,-48.583333333333336,GRB030414
198.60416666666666,62.35,GRB030413
161.208167,21.5215,GRB030329
182.701667,-9.347583,GRB030328
292.96666666666664,-11.716666666666667,GRB030326
70.77916666666667,-19.1,GRB030325
204.29583333333332,-0.31666666666666665,GRB030324
166.525,-21.9,GRB030323
267.87916666666666,-25.3,GRB030320
328.3625,-10.866666666666667,GRB030306
74.325,20.483333333333334,GRB030227
173.270542,25.898694,GRB030226
0.8375,32.733333333333334,GRB030204
201.78333333333333,30.766666666666666,GRB030131
194.15,-48.46666666666667,GRB030115C
324.7416666666667,-80.23333333333333,GRB030115B
169.63595800000002,15.049972,GRB030115
282.5,31.866666666666667,GRB021219
122.2495,6.727194,GRB021211
240.195,-9.71,GRB021206
95.1375,32.1,GRB021204
121.94166666666666,21.233333333333334,GRB021201
296.75,28.1,GRB021125
23.483333333333334,40.45,GRB021113
39.21666666666667,48.85,GRB021112
58.45,37.95,GRB021104X
111.22916666666667,-16.283333333333335,GRB021023
4.345833333333333,-1.6166666666666667,GRB021021X
322.32916666666665,51.93333333333333,GRB021020
8.433333333333334,46.78333333333333,GRB021016
222.98333333333332,-56.233333333333334,GRB021013
191.45,44.18333333333333,GRB021008
6.727875,18.928139,GRB021004
211.52916666666667,50.516666666666666,GRB020923
209.00416666666666,-44.733333333333334,GRB020910
25.491666666666667,-62.11666666666667,GRB020904
342.176417,-20.76925,GRB020903X
351.831167,6.265528,GRB020819B
296.674458,-19.601333,GRB020813
309.7,-5.383333333333334,GRB020812
310.78333333333336,-46.833333333333336,GRB020801
207.55416666666667,61.85,GRB020715
182.27083333333334,83.11666666666666,GRB020714
139.08333333333334,28.45,GRB020708
215.39583333333334,-55.766666666666666,GRB020706
311.05833333333334,7.166666666666667,GRB020625BX
246.88333333333333,-29.8,GRB020604
292.81666666666666,4.916666666666667,GRB020603
228.7325,-19.415,GRB020531
172.3875,-20.35,GRB020525
332.3675,-65.325556,GRB020427X
120.075,-48.65,GRB020418B
14.908333333333333,-7.116666666666666,GRB020413
331.76666666666665,-83.81666666666666,GRB020410
131.30833333333334,66.68333333333334,GRB020409
209.513,-31.372833,GRB020405
199.14166666666668,-17.866666666666667,GRB020331
269.9375,81.08333333333333,GRB020322
243.27083333333334,-83.71666666666667,GRB020321
155.75,12.716666666666667,GRB020317X
190.7625,-14.55,GRB020305
123.77375,36.741944000000004,GRB020127
143.211667,-11.519722,GRB020124
75.02083333333333,32.13333333333333,GRB011212X
168.824917,-21.948944,GRB011211
44.454166666666666,7.366666666666666,GRB011130X
173.623333,-76.028222,GRB011121
310.8975,77.288889,GRB011030X
10.708333333333334,-12.45,GRB011019X
343.99958300000003,40.931360999999995,GRB010921
175.02916666666667,-7.95,GRB010728
248.15833333333333,-18.716666666666665,GRB010629B
255.16666666666666,14.266666666666667,GRB010613
270.825,-32.13333333333333,GRB010612
161.68333333333334,-57.78333333333333,GRB010518
294.9125,13.616666666666667,GRB010412
171.1,-11.166666666666666,GRB010326B
132.9625,-38.3,GRB010326
107.775,20.083333333333332,GRB010324
223.052292,43.018417,GRB010222
39.24583333333333,61.766666666666666,GRB010220
265.25,48.55,GRB010214
157.9,5.516666666666667,GRB010213X
179.2875,49.75,GRB010126
283.4583333333333,12.016666666666667,GRB010119S
312.1166666666667,-6.35,GRB010115
323.2625,-49.516666666666666,GRB010109
267.44166666666666,18.233333333333334,GRB010104
120.94583333333334,-16.116666666666667,GRB010103
103.43333333333334,-57.483333333333334,GRB001219
102.39583333333333,36.36666666666667,GRB001212
40.2875,12.9,GRB001204S
334.6166666666667,1.1,GRB001120
277.52916666666664,55.3,GRB001109
195.475,35.483333333333334,GRB001105
275.42083333333335,-5.133333333333334,GRB001025BS
129.15,-13.066666666666666,GRB001025
271.6333333333333,-24.766666666666666,GRB001020
257.93333333333334,35.333333333333336,GRB001019
198.54166666666666,11.816666666666666,GRB001018
272.175,-2.9833333333333334,GRB001017
275.8666666666667,-50.9,GRB001011
61.46666666666667,-21.9,GRB001007
21.020833333333332,25.0,GRB001005
240.0875,-56.81666666666667,GRB001004
256.040625,51.786111,GRB000926
215.1125,19.816666666666666,GRB000925
34.643333,7.741111,GRB000911
3.3916666666666666,-77.96666666666667,GRB000910
353.55,6.35,GRB000830
134.3375,-8.816666666666666,GRB000820
272.18333333333334,45.85,GRB000812
299.5833333333333,23.533333333333335,GRB000811
167.94166666666666,-9.416666666666666,GRB000801
126.44166666666666,60.06666666666667,GRB000730B
191.28333333333333,19.266666666666666,GRB000730
176.29583333333332,17.4,GRB000727
221.80625,41.231389,GRB000630
168.92083333333332,10.7,GRB000623
113.82083333333334,69.2,GRB000620
170.04583333333332,26.266666666666666,GRB000616
35.6125,-17.866666666666667,GRB000615B
233.14166666666668,73.8,GRB000615
6.254166666666666,-69.03333333333333,GRB000608
38.49583333333333,17.15,GRB000607S
233.94583333333333,10.683333333333334,GRB000604
2.283333333333333,-61.53333333333333,GRB000529
161.35416666666666,-34.0,GRB000528
346.1625,1.1666666666666667,GRB000519
35.06666666666667,-14.833333333333334,GRB000516
253.60833333333332,-20.433333333333334,GRB000508B
98.3375,-4.416666666666667,GRB000429
104.71666666666667,49.86666666666667,GRB000424
330.06666666666666,48.28333333333333,GRB000419
186.33041699999998,20.103056,GRB000418
258.8625,-71.6,GRB000416
137.63333333333333,66.56666666666666,GRB000408
332.84583333333336,-26.133333333333333,GRB000326
192.99583333333334,48.81666666666667,GRB000323
340.8375,17.983333333333334,GRB000315
89.07916666666667,7.933333333333334,GRB000307
245.0775,29.443333000000003,GRB000301C
354.8625,75.78333333333333,GRB000301A
283.575,-66.45,GRB000214
29.815,-40.659167,GRB000210
93.3875,-51.93333333333333,GRB000131
116.24583333333334,7.733333333333333,GRB000126
120.8,-17.1,GRB000115
345.8125,-0.25,GRB991217
79.87916666666666,11.183333333333334,GRB991216
248.472958,46.455971999999996,GRB991208
336.2,54.36666666666667,GRB991106
180.75416666666666,-66.8,GRB991105
102.775,11.6,GRB991014
103.225,-74.98333333333333,GRB990908
112.7,-69.4,GRB990907
47.645833333333336,-68.11666666666666,GRB990806
337.971083,-73.407944,GRB990712
77.477083,-72.131389,GRB990705
184.79166666666666,-3.8,GRB990704
27.104166666666668,-77.08333333333333,GRB990627
6.641666666666667,-31.2,GRB990625
342.60833333333335,-20.883333333333333,GRB990527
128.77083333333334,51.3,GRB990520
204.529625,-80.49672199999999,GRB990510
178.70891699999999,-26.676389,GRB990506
185.797667,6.73475,GRB990308
45.71666666666667,-53.1,GRB990217
231.376292,44.766444,GRB990123
352.405042,-23.931611,GRB981226
55.641666666666666,17.15,GRB981220
162.0,57.333333333333336,GRB980706
359.777792,8.585306,GRB980703
154.490917,71.457083,GRB980613
350.589583,77.262028,GRB980519
319.51666666666665,-67.24833333333333,GRB980515
293.76383300000003,-52.845778,GRB980425
105.65841699999999,38.845556,GRB980329
129.142833,-18.856639,GRB980326
6.483333333333333,-63.02333333333333,GRB980109
194.39583333333334,59.25666666666667,GRB971227
179.11,65.20013900000001,GRB971214
276.2125,49.48166666666667,GRB971024
272.106292,59.302361,GRB970828
242.17916666666667,81.51,GRB970815
19.7375,-5.466666666666667,GRB970616
103.45604200000001,79.272083,GRB970508
222.56666666666666,-69.33166666666666,GRB970402
75.444583,11.781667,GRB970228
232.0625,19.605,GRB970111
262.65416666666664,49.096666666666664,GRB960720