grb,ra,dec
GRB180326A,19h26m55s,-13d33m
GRB180325A,10h29m44s,+24d26m
GRB180324A,05h06m20s,+56d43m
GRB180318A,12h01m22s,+33d56m
GRB180317A,06h08m47s,+23d10m
GRB180316A,17h41m45s,+00d44m
GRB180314B,19h51m28s,+23d37m
GRB180314A,06h37m06s,-24d29m
GRB180311A,00h13m44s,-54d29m
GRB180305A,03h18m41s,+32d06m
GRB180224A,13h30m39s,+38d05m
GRB180222A,17h06m17s,-36d48m
GRB180210A,00h07m12s,+18d21m
GRB180205A,08h27m17s,+11d33m
GRB180204A,22h00m28s,+30d51m
GRB180116A,14h22m37s,+18d58m
GRB180115A,00h48m18s,-15d36m
GRB180113C,11h41m12s,-63d16m
GRB180113B,00h26m47s,+24d01m
GRB180113A,01h16m52s,+68d41m
GRB180111A,09h59m22s,+48d16m
GRB180103A,10h38m20s,-53d33m
GRB180102A,13h32m28s,+62d09m
GRB171222A,09h53m10s,+35d37m
GRB171216B,22h40m16s,+52d03m
GRB171216A,14h08m19s,-50d28m
GRB171212B,02h37m46s,-70d37m
GRB171212A,19h35m36s,+20d34m
GRB171211A,06h32m26s,-58d40m
GRB171210A,22h21m14s,+24d26m
GRB171209A,09h17m32s,-30d32m
GRB171205A,11h09m47s,-12d36m
GRB171124A,22h22m05s,+35d13m
GRB171123A,12h24m46s,+32d32m
GRB171120A,10h55m09s,+22d27m
GRB171119A,09h01m16s,-50d17m
GRB171115A,18h33m39s,+09d08m
GRB171112A,01h20m18s,-59d38m
GRB171103A,16h38m09s,-10d13m
GRB171102B,19h12m25s,+22d26m
GRB171102A,12h30m55s,+54d02m
GRB171027A,04h06m43s,-02d36m
GRB171022A,14h21m25s,+12d51m
GRB171020A,02h37m03s,+15d11m
GRB171011A,15h47m03s,-10d04m
GRB171010B,02h16m30s,-54d25m
GRB171010A,04h26m58s,-10d32m
GRB171007A,09h02m10s,+42d51m
GRB171004A,09h16m39s,+52d41m
GRB171001A,01h28m21s,-11d54m
GRB170921B,08h49m30s,+57d03m
GRB170921A,01h47m24s,+30d52m
GRB170912B,14h21m52s,-62d02m
GRB170912A,11h09m29s,-54d22m
GRB170911A,04h48m23s,+30d55m
GRB170906C,08h34m49s,+70d47m
GRB170906B,15h28m53s,-28d15m
GRB170906A,13h35m58s,-47d07m
GRB170904A,02h21m30s,-32d30m
GRB170903A,16h58m03s,+34d59m
GRB170830A,17h48m58s,-02d00m
GRB170827A,18h24m43s,-40d13m
GRB170826B,22h05m02s,-33d54m
GRB170823A,12h34m53s,+35d35m
GRB170822A,06h17m32s,+55d01m
GRB170817A,12h47m00s,-39d48m
GRB170816A,23h23m22s,+12d51m
GRB170813A,13h24m13s,-05d28m
GRB170810A,12h31m48s,+03d39m
GRB170808B,09h42m38s,+02d11m
GRB170808A,10h30m15s,-28d17m
GRB170807A,09h33m31s,-17d20m
GRB170805A,17h56m56s,-18d19m
GRB170804A,00h25m44s,-64d45m
GRB170803A,11h39m48s,-16d19m
GRB170730A,16h21m12s,-60d53m
GRB170728B,15h52m11s,+70d09m
GRB170728A,03h55m35s,+12d09m
GRB170724A,10h17m17s,+01d59m
GRB170714A,02h17m17s,+01d59m
GRB170711A,03h03m09s,+47d51m
GRB170710C,23h29m01s,+51d18m
GRB170710B,02h52m29s,+42d41m
GRB170710A,15h27m15s,-38d33m
GRB170708A,22h23m20s,+19d48m
GRB170705A,12h46m49s,+18d18m
GRB170629A,08h40m04s,-46d35m
GRB170626A,11h01m39s,+56d28m
GRB170616A,07h33m45s,-02d15m
GRB170610A,06h10m16s,-09d25m
GRB170607A,00h29m22s,+09d14m
GRB170604A,22h50m35s,-15d25m
GRB170531B,19h07m35s,-16d26m
GRB170531A,08h05m03s,-14d02m
GRB170526A,00h18m50s,+01d14m
GRB170524B,06h03m27s,-17d05m
GRB170524A,21h17m49s,+48d35m
GRB170522B,10h37m04s,-35d33m
GRB170522A,09h17m22s,+25d40m
GRB170519A,10h53m48s,+25d23m
GRB170516A,02h46m24s,-55d54m
GRB170511A,20h02m31s,+33d19m
GRB170510A,10h39m39s,-39d20m
GRB170428A,22h00m15s,+26d55m
GRB170424A,22h54m48s,-45d07m
GRB170419B,04h01m59s,-15d06m
GRB170419A,05h19m28s,-21d25m
GRB170409A,23h10m07s,-07d10m
GRB170405A,14h39m14s,-25d15m
GRB170331A,21h35m08s,-24d25m
GRB170330A,18h53m18s,-13d26m
GRB170329A,23h46m24s,+09d48m
GRB170325A,08h29m56s,+20d32m
GRB170320A,21h20m18s,+55d04m
GRB170318B,18h57m07s,+06d16m
GRB170318A,20h22m35s,+28d25m
GRB170317A,06h12m21s,+50d31m
GRB170311B,23h39m40s,+31d11m
GRB170311A,18h42m15s,-30d04m
GRB170307A,00h54m08s,+09d32m
GRB170306B,10h18m36s,+51d38m
GRB170306A,17h32m20s,-44d45m
GRB170305A,02h38m38s,+09d54m
GRB170228A,15h58m12s,-03d35m
GRB170222A,19h31m49s,+28d13m
GRB170219A,03h39m22s,+50d04m
GRB170214A,17h05m19s,-01d53m
GRB170210A,07h08m32s,-46d48m
GRB170209A,07h08m32s,-46d48m
GRB170208B,08h28m37s,-09d02m
GRB170208A,11h06m15s,-46d47m
GRB170206B,18h07m09s,+11d13m
GRB170206A,14h11m10s,+14d29m
GRB170205A,17h28m36s,-00d03m
GRB170203A,22h11m26s,+25d10m
GRB170202A,10h10m07s,+05d00m
GRB170131A,22h45m55s,+64d00m
GRB170127C,22h37m19s,-63d56m
GRB170127B,01h19m47s,-30d20m
GRB170127A,11h37m21s,-45d51m
GRB170126A,17h34m19s,-64d45m
GRB170121B,04h50m18s,-09d16m
GRB170117A,04h06m21s,+21d45m
GRB170115B,12h36m29s,-46d51m
GRB170115A,22h08m37s,+13d47m
GRB170113A,04h06m36s,-71d55m
GRB170112A,01h00m56s,-17d11m
GRB170111A,01h22m52s,-32d32m
GRB170105A,09h13m13s,+61d06m
GRB170101A,17h48m25s,+11d39m
GRB161224A,13h39m18s,-18d02m
GRB161223A,17h19m31s,-25d01m
GRB161220A,23h23m16s,-47d30m
GRB161219B,06h06m52s,-26d47m
GRB161219A,12h33m45s,+10d28m
GRB161218A,16h21m02s,-04d07m
GRB161217A,10h02m33s,+52d23m
GRB161214B,00h15m24s,+07d21m
GRB161214A,12h42m55s,+06d50m
GRB161202A,23h47m35s,+19d38m
GRB161129A,21h04m46s,+32d07m
GRB161123A,02h08m51s,-39d39m
GRB161117B,19h55m25s,-67d42m
GRB161117A,21h28m17s,-29d38m
GRB161113A,11h59m20s,-05d21m
GRB161109A,10h31m26s,+61d48m
GRB161108A,12h03m08s,+24d52m
GRB161105A,08h00m39s,-44d47m
GRB161104A,05h11m31s,+51d27m
GRB161023A,20h44m08s,-47d40m
GRB161022A,08h35m52s,+54d22m
GRB161020B,04h12m25s,-75d35m
GRB161020A,10h44m08s,-54d46m
GRB161017A,09h31m04s,+43d08m
GRB161015A,17h56m36s,+30d11m
GRB161014A,22h10m31s,+07d29m
GRB161011A,16h22m51s,+08d20m
GRB161010A,18h20m57s,-28d46m
GRB161007A,06h53m34s,+23d17m
GRB161004B,07h28m38s,-39d54m
GRB161004A,17h32m41s,-00d56m
GRB161001A,04h47m39s,-57d17m
GRB160927A,17h05m03s,+17d19m
GRB160917A,19h42m41s,+46d24m
GRB160912A,20h06m04s,+57d33m
GRB160910A,14h45m02s,+38d46m
GRB160905A,10h48m57s,-50d48m
GRB160829A,13h26m48s,-56d46m
GRB160827A,11h57m11s,-29d10m
GRB160826A,12h12m18s,-67d41m
GRB160824A,05h20m19s,+40d02m
GRB160821B,18h39m57s,+62d24m
GRB160821A,11h24m59s,+42d21m
GRB160819A,07h36m33s,-22d21m
GRB160816A,19h18m43s,-35d38m
GRB160815A,19h14m11s,+84d19m
GRB160814A,09h04m17s,-20d58m
GRB160804A,14h46m33s,+10d00m
GRB160802A,01h52m07s,+71d22m
GRB160801A,14h11m03s,+13d30m
GRB160726A,06h35m17s,-06d33m
GRB160720A,03h52m37s,+73d54m
GRB160716A,12h42m10s,-61d22m
GRB160714A,15h37m51s,+63d50m
GRB160712A,20h16m36s,-26d59m
GRB160709A,15h43m59s,-28d11m
GRB160705B,11h12m21s,+46d43m
GRB160705A,07h47m00s,-14d59m
GRB160703A,19h09m34s,+36d54m
GRB160702A,15h23m33s,+08d43m
GRB160630A,13h12m57s,-56d04m
GRB160629A,00h19m17s,+76d59m
GRB160625B,20h33m04s,+06d54m
GRB160625A,11h47m45s,-65d07m
GRB160624A,22h00m49s,+29d38m
GRB160623A,21h00m58s,+42d16m
GRB160620A,16h42m39s,+30d19m
GRB160612A,23h13m27s,-25d22m
GRB160611A,10h57m45s,-70d24m
GRB160607A,00h54m39s,-04d57m
GRB160601A,15h40m08s,+64d30m
GRB160530A,19h18m43s,-35d38m
GRB160525B,09h57m46s,+51d11m
GRB160525A,06h54m07s,-00d10m
GRB160521B,09h52m41s,+79d01m
GRB160521A,08h38m52s,+46d54m
GRB160519A,04h44m27s,+31d12m
GRB160509A,20h40m24s,+76d00m
GRB160506A,17h43m06s,-46d07m
GRB160504A,11h20m10s,+56d00m
GRB160503A,00h02m10s,-01d56m
GRB160501A,19h05m30s,-17d14m
GRB160425A,18h41m15s,-54d22m
GRB160424A,21h17m55s,-60d24m
GRB160422A,02h48m12s,-57d54m
GRB160419A,01h05m42s,-27d21m
GRB160417A,08h00m58s,+07d38m
GRB160412A,02h12m26s,-67d39m
GRB160411A,23h17m27s,-40d16m
GRB160410A,10h02m43s,+03d27m
GRB160409A,19h18m49s,-05d23m
GRB160408A,08h10m14s,+71d08m
GRB160401A,05h58m57s,+26d41m
GRB160327A,09h46m45s,+54d01m
GRB160325A,01h02m23s,-72d42m
GRB160321A,06h37m39s,+05d43m
GRB160314B,11h10m14s,+45d40m
GRB160314A,07h31m07s,+17d00m
GRB160313A,12h15m09s,+57d18m
GRB160310A,06h35m07s,-07d07m
GRB160303A,11h14m44s,+22d44m
GRB160228A,07h09m17s,+26d57m
GRB160227A,12h59m09s,+78d38m
GRB160225A,10h56m58s,+53d39m
GRB160223B,06h19m54s,+33d24m
GRB160223A,09h50m20s,+09d22m
GRB160221A,15h28m19s,-28d27m
GRB160220B,17h19m25s,-18d07m
GRB160220A,15h47m42s,-18d33m
GRB160216A,20h46m49s,-71d33m
GRB160206A,08h50m47s,-36d06m
GRB160203A,10h47m48s,-24d46m
GRB160131A,05h12m44s,-07d04m
GRB160127A,15h03m49s,+00d05m
GRB160123A,10h01m09s,-33d47m
GRB160121A,07h16m19s,-23d35m
GRB160119A,14h07m34s,+20d28m
GRB160117B,08h48m46s,-16d20m
GRB160117A,01h21m31s,-00d38m
GRB160113A,11h34m29s,+10d42m
GRB160107A,19h58m40s,+06d25m
GRB160104A,05h07m13s,+11d21m
GRB160102A,05h23m21s,-21d02m
GRB160101A,14h38m55s,-13d49m
GRB151231A,04h38m07s,-61d01m
GRB151229A,21h57m31s,-20d44m
GRB151228B,22h57m46s,+08d05m
GRB151228A,14h16m01s,-17d41m
GRB151227B,19h21m08s,+35d25m
GRB151225A,15h11m36s,-18d18m
GRB151222A,23h39m46s,+34d06m
GRB151216A,21h35m39s,+24d46m
GRB151215A,06h14m23s,+35d31m
GRB151212A,04h32m26s,-03d46m
GRB151210A,04h20m44s,-71d14m
GRB151205C,21h58m54s,+77d42m
GRB151205B,02h44m38s,-43d29m
GRB151205A,15h17m08s,+35d46m
GRB151127A,01h19m07s,-82d46m
GRB151122A,19h58m49s,-19d54m
GRB151120A,10h28m58s,-32d31m
GRB151118A,03h48m38s,+65d52m
GRB151114A,08h03m45s,-61d03m
GRB151112A,00h08m11s,-61d42m
GRB151111A,03h47m19s,-44d10m
GRB151107B,01h59m00s,+44d30m
GRB151107A,14h28m33s,-59d41m
GRB151031A,05h32m48s,-39d05m
GRB151029A,02h34m08s,-35d22m
GRB151027B,05h04m57s,-06d26m
GRB151027A,18h09m58s,+61d23m
GRB151023A,18h04m05s,-08d19m
GRB151022A,23h16m51s,+55d49m
GRB151021A,22h30m27s,-33d12m
GRB151006A,09h49m48s,+70d31m
GRB151004A,14h14m20s,-64d57m
GRB151001B,22h27m23s,+64d40m
GRB151001A,15h34m55s,+15d35m
GRB150925A,15h10m05s,-19d38m
GRB150922A,19h37m31s,-05d29m
GRB150919A,08h51m50s,+44d04m
GRB150915A,21h18m55s,-34d51m
GRB150912A,16h33m44s,-20d59m
GRB150911A,04h29m42s,+05d45m
GRB150910A,00h22m42s,+33d30m
GRB150907B,17h00m53s,-63d49m
GRB150907A,14h59m22s,-47d36m
GRB150906B,10h36m57s,-25d36m
GRB150902A,14h19m42s,-69d22m
GRB150901A,12h14m21s,+25d02m
GRB150831B,18h04m05s,-27d15m
GRB150831A,14h44m05s,-25d39m
GRB150824A,10h45m00s,-55d55m
GRB150821A,22h47m37s,-57d52m
GRB150819B,03h57m33s,+39d42m
GRB150819A,02h49m21s,+09d47m
GRB150818A,15h21m47s,+68d21m
GRB150817A,16h38m34s,-12d04m
GRB150811B,12h25m23s,-14d07m
GRB150811A,19h25m29s,-15d27m
GRB150801B,05h31m50s,-05d23m
GRB150801A,17h03m42s,-09d26m
GRB150728A,19h29m09s,+33d54m
GRB150727A,13h35m58s,-18d21m
GRB150725A,14h41m41s,-02d25m
GRB150724B,23h27m41s,+03d40m
GRB150724A,06h30m09s,-19d09m
GRB150722A,14h33m05s,-35d12m
GRB150721A,22h16m24s,+07d48m
GRB150720A,07h58m20s,-28d18m
GRB150716A,18h33m52s,-13d01m
GRB150711A,14h46m31s,-35d28m
GRB150710B,05h32m47s,-46d58m
GRB150710A,12h57m59s,+14d18m
GRB150702A,03h31m07s,-57d00m
GRB150627A,07h49m58s,-51d34m
GRB150626B,12h30m41s,+66d47m
GRB150626A,07h25m22s,-37d46m
GRB150622A,16h46m57s,-52d56m
GRB150616A,20h58m49s,-53d24m
GRB150615A,07h10m17s,-22d28m
GRB150608A,00h54m36s,-00d08m
GRB150607A,09h20m06s,+68d27m
GRB150530B,00h29m59s,+44d17m
GRB150530A,21h50m06s,+57d34m
GRB150527A,19h15m50s,+04d12m
GRB150523A,07h41m26s,-45d24m
GRB150518A,15h36m50s,+16d16m
GRB150514A,04h59m24s,-60d55m
GRB150513A,03h16m14s,-22d55m
GRB150510A,01h04m38s,+04d47m
GRB150430A,21h45m58s,-27d56m
GRB150428C,04h00m59s,+67d49m
GRB150428B,19h30m37s,+04d07m
GRB150428A,12h34m10s,+06d34m
GRB150424A,10h09m15s,-26d39m
GRB150423A,14h46m24s,+12d17m
GRB150418A,10h42m11s,-04d56m
GRB150413A,12h41m32s,+71d49m
GRB150407A,14h26m25s,+38d32m
GRB150403A,20h46m01s,-62d42m
GRB150402A,11h34m38s,+41d00m
GRB150330A,22h04m07s,+52d18m
GRB150323C,12h50m27s,+50d12m
GRB150323B,17h21m47s,+38d19m
GRB150323A,08h32m46s,+45d26m
GRB150318A,21h39m53s,-61d29m
GRB150317A,09h15m45s,+55d27m
GRB150314A,08h26m38s,+63d50m
GRB150313A,16h49m25s,-10d58m
GRB150311A,15h40m23s,-15d49m
GRB150309A,18h27m57s,+86d26m
GRB150302A,11h42m02s,+36d50m
GRB150301C,00h45m20s,+41d51m
GRB150301B,05h56m38s,-57d59m
GRB150301A,16h17m09s,-48d42m
GRB150222B,10h23m35s,-41d10m
GRB150222A,13h15m06s,-12d08m
GRB150219A,18h05m04s,-41d36m
GRB150213B,16h53m42s,+34d11m
GRB150212A,19h02m05s,+47d24m
GRB150211A,16h59m25s,+55d23m
GRB150210A,07h28m36s,+13d16m
GRB150206A,00h40m21s,-63d11m
GRB150204A,10h40m58s,-64d03m
GRB150203A,06h33m39s,+06d58m
GRB150202B,05h46m24s,+59d06m
GRB150202A,02h36m57s,-33d09m
GRB150201A,00h47m20s,-37d37m
GRB150127B,09h20m44s,-03d12m
GRB150127A,19h47m49s,-09d25m
GRB150126A,23h22m00s,-12d22m
GRB150123A,07h26m14s,-09d41m
GRB150120B,02h37m11s,+08d05m
GRB150120A,00h41m14s,+33d59m
GRB150118C,10h40m18s,-27d25m
GRB150118B,16h00m58s,-35d45m
GRB150110C,04h34m18s,-16d52m
GRB150110B,19h17m26s,+32d31m
GRB150110A,08h46m33s,-48d53m
GRB150103A,08h46m33s,-48d53m
GRB150101B,12h32m10s,-10d57m
GRB150101A,20h50m31s,+36d44m
GRB141229A,19h18m43s,-35d38m
GRB141225A,09h15m00s,+33d48m
GRB141222A,11h52m10s,-57d21m
GRB141221A,13h13m05s,+08d13m
GRB141220A,13h00m12s,+32d09m
GRB141215A,11h56m13s,-52d45m
GRB141212B,16h43m28s,+31d45m
GRB141212A,02h36m39s,+18d09m
GRB141207A,10h39m58s,+03d55m
GRB141205A,06h11m31s,+37d52m
GRB141202A,09h32m17s,+54d10m
GRB141130A,14h51m15s,+47d18m
GRB141125A,08h31m38s,-29d32m
GRB141121A,08h10m40s,+22d14m
GRB141118A,10h27m30s,+19d05m
GRB141109B,14h49m27s,+73d07m
GRB141109A,09h38m02s,-00d36m
GRB141104A,18h37m57s,-12d42m
GRB141102A,13h54m27s,-47d06m
GRB141031B,23h47m44s,+41d22m
GRB141031A,08h34m24s,-59d08m
GRB141029B,07h00m48s,+25d06m
GRB141028A,21h30m48s,-00d17m
GRB141026A,02h56m19s,+26d58m
GRB141022A,16h07m36s,-72d08m
GRB141020A,15h00m02s,+55d20m
GRB141017A,06h14m31s,-58d33m
GRB141015A,05h50m02s,+18d19m
GRB141011A,17h11m45s,-09d41m
GRB141005A,19h24m26s,+36d04m
GRB141004A,05h06m56s,+12d49m
GRB140930B,00h25m25s,+24d16m
GRB140930A,22h59m30s,+52d26m
GRB140928A,02h55m14s,-56d05m
GRB140927A,19h27m23s,-65d23m
GRB140919A,14h46m13s,-32d09m
GRB140916A,02h41m37s,-39d43m
GRB140909A,12h54m33s,+63d30m
GRB140907A,03h12m35s,+46d36m
GRB140906C,20h59m51s,+01d56m
GRB140903A,15h52m09s,+27d35m
GRB140901B,07h28m44s,-29d13m
GRB140901A,01h03m16s,-32d45m
GRB140828A,09h28m03s,+14d35m
GRB140825A,05h54m51s,-11d50m
GRB140824A,13h46m35s,+33d18m
GRB140818B,18h04m35s,+01d22m
GRB140818A,13h18m03s,+06d48m
GRB140817A,08h29m01s,+58d11m
GRB140815A,05h47m35s,-08d40m
GRB140814A,12h10m03s,+49d21m
GRB140810A,07h56m10s,+27d33m
GRB140809A,11h15m14s,+71d01m
GRB140808A,14h26m05s,+48d36m
GRB140801A,03h01m00s,-30d53m
GRB140730A,03h45m43s,-66d32m
GRB140729A,12h55m48s,+15d21m
GRB140723A,14h02m31s,-03d44m
GRB140719B,02h38m57s,-02d23m
GRB140719A,11h26m22s,-50d08m
GRB140716A,07h12m32s,-60d09m
GRB140713A,18h44m27s,+59d37m
GRB140710B,13h38m40s,-58d33m
GRB140710A,02h44m21s,+35d30m
GRB140709B,09h44m17s,+63d30m
GRB140709A,20h18m33s,+51d13m
GRB140706A,03h17m13s,-38d04m
GRB140703A,00h51m58s,+45d06m
GRB140629A,16h35m56s,+41d53m
GRB140628A,02h42m39s,-00d22m
GRB140626A,05h09m24s,-82d38m
GRB140623A,13h13m00s,+75d48m
GRB140622A,21h08m37s,-14d26m
GRB140621A,04h53m07s,+14d39m
GRB140620A,18h47m29s,+49d44m
GRB140619C,15h32m04s,-25d36m
GRB140619B,08h50m43s,-09d40m
GRB140619A,01h48m22s,-39d16m
GRB140614B,21h30m30s,+14d55m
GRB140614A,15h24m56s,-79d06m
GRB140611A,23h19m43s,-40d05m
GRB140610A,19h05m02s,+03d54m
GRB140607A,05h45m31s,+18d55m
GRB140606B,21h51m00s,+33d41m
GRB140606A,13h27m14s,+37d35m
GRB140604A,17h32m41s,-40d24m
GRB140529A,15h15m16s,-41d03m
GRB140528A,18h42m55s,-58d45m
GRB140523A,08h53m12s,+24d57m
GRB140521A,21h20m03s,+67d36m
GRB140518A,15h08m55s,+42d24m
GRB140516A,16h51m57s,+39d55m
GRB140515B,19h17m52s,-11d00m
GRB140515A,12h24m09s,+15d05m
GRB140512A,19h17m29s,-15d06m
GRB140509B,20h52m29s,+21d09m
GRB140509A,03h06m26s,-62d39m
GRB140508A,17h02m31s,+46d45m
GRB140506A,18h27m10s,-55d34m
GRB140502B,13h18m43s,-35d38m
GRB140502A,21h16m37s,+49d01m
GRB140430A,06h51m43s,+23d01m
GRB140428A,12h57m22s,+28d21m
GRB140423A,13h09m10s,+49d49m
GRB140419A,08h28m00s,+46d13m
GRB140416A,02h21m36s,+43d54m
GRB140414A,13h01m14s,+56d54m
GRB140413A,04h21m48s,-51d12m
GRB140412A,09h40m12s,-65d49m
GRB140408A,19h22m44s,-12d35m
GRB140402A,13h49m53s,+05d52m
GRB140331A,08h59m23s,+02d42m
GRB140330A,21h52m16s,-57d45m
GRB140329A,09h44m59s,-32d06m
GRB140323A,23h47m33s,-79d55m
GRB140320D,05h51m34s,+85d26m
GRB140320C,08h57m32s,+71d12m
GRB140320B,09h42m16s,+60d15m
GRB140320A,18h46m36s,-02d42m
GRB140318A,12h16m13s,+20d12m
GRB140311B,16h49m10s,+52d45m
GRB140311A,13h57m12s,+00d37m
GRB140308A,23h50m15s,-33d21m
GRB140306A,01h51m46s,+48d59m
GRB140305A,22h58m08s,+15d26m
GRB140304A,02h02m40s,+33d29m
GRB140302A,16h55m22s,-12d52m
GRB140301A,04h38m11s,-34d17m
GRB140226A,14h45m58s,+15d00m
GRB140221A,07h09m47s,-17d20m
GRB140219A,10h25m46s,+07d28m
GRB140215A,06h56m33s,+41d47m
GRB140213A,07h00m52s,-73d08m
GRB140211A,08h16m55s,+20d15m
GRB140209A,05h25m20s,+32d29m
GRB140206A,09h41m24s,+66d45m
GRB140129B,21h47m03s,+26d12m
GRB140129A,02h31m29s,-01d35m
GRB140118A,22h04m01s,-17d57m
GRB140114A,12h33m56s,+12d35m
GRB140110A,01h55m36s,-36d16m
GRB140108A,21h40m43s,+58d46m
GRB140104B,14h35m14s,-08d54m
GRB140103A,15h28m31s,+37d45m
GRB140102A,14h07m37s,+01d20m
GRB131231A,00h42m20s,-01d51m
GRB131229A,05h40m57s,-04d26m
GRB131227A,04h29m31s,+28d53m
GRB131226A,20h05m14s,-64d58m
GRB131225A,06h20m09s,+05d19m
GRB131224A,19h47m20s,+31d40m
GRB131218A,07h35m12s,-64d43m
GRB131216A,06h18m42s,-41d38m
GRB131215A,17h16m07s,-07d35m
GRB131209A,09h06m00s,-33d12m
GRB131205A,08h46m26s,-60d10m
GRB131202A,22h56m13s,-21d39m
GRB131128A,23h41m18s,+31d17m
GRB131127A,22h11m00s,+36d35m
GRB131122A,10h10m13s,+57d44m
GRB131120A,18h35m41s,-12d00m
GRB131118A,23h19m27s,-66d50m
GRB131117A,22h09m21s,-31d43m
GRB131108A,10h25m53s,+09d54m
GRB131105A,04h44m03s,-62d59m
GRB131103A,23h15m49s,-44d40m
GRB131031A,01h58m28s,-01d36m
GRB131030A,23h00m19s,-05d23m
GRB131029A,13h23m08s,+48d18m
GRB131028A,04h04m54s,+71d36m
GRB131026A,01h02m11s,+32d29m
GRB131024B,09h37m37s,+44d14m
GRB131024A,19h21m51s,-64d36m
GRB131018B,20h18m06s,+23d04m
GRB131018A,06h33m51s,-19d53m
GRB131014A,06h41m12s,-19d06m
GRB131011A,01h27m41s,+09d33m
GRB131004A,19h44m36s,-02d58m
GRB131002B,05h00m15s,-75d44m
GRB131002A,16h53m06s,+82d03m
GRB131001A,00h33m12s,+25d33m
GRB130930A,12h42m39s,-35d30m
GRB130929A,09h00m17s,-47d34m
GRB130925A,02h44m44s,-26d08m
GRB130919A,13h49m09s,-10d21m
GRB130913A,22h47m50s,+01d18m
GRB130912A,03h10m28s,+13d58m
GRB130907A,14h23m31s,+45d37m
GRB130903A,05h28m33s,-00d07m
GRB130831B,12h49m47s,-29d11m
GRB130831A,23h54m36s,+29d27m
GRB130829A,12h09m42s,+46d31m
GRB130828A,17h19m19s,+28d00m
GRB130822A,01h51m46s,-03d13m
GRB130821A,20h56m24s,-12d00m
GRB130816B,11h20m22s,-57d33m
GRB130816A,13h08m40s,-58d57m
GRB130812B,00h29m37s,-79d11m
GRB130812A,06h09m37s,-13d18m
GRB130807A,17h59m12s,-27d37m
GRB130806A,02h23m29s,+67d32m
GRB130804A,20h14m37s,-79d35m
GRB130803A,14h40m58s,-02d28m
GRB130727A,22h03m12s,-65d34m
GRB130725B,14h16m58s,-11d08m
GRB130725A,15h20m08s,+00d38m
GRB130722A,17h22m41s,-02d59m
GRB130719A,05h56m09s,-11d35m
GRB130716A,11h58m18s,+63d03m
GRB130708A,14h29m15s,+15d46m
GRB130702A,15h12m36s,+16d35m
GRB130701A,23h48m52s,+36d06m
GRB130627B,12h07m44s,-55d44m
GRB130627A,12h17m47s,-37d05m
GRB130626A,18h12m31s,-09d32m
GRB130625A,22h53m04s,+82d11m
GRB130623A,01h22m53s,-77d47m
GRB130615A,18h19m23s,-68d10m
GRB130612A,17h19m13s,+16d42m
GRB130610B,11h45m26s,-32d11m
GRB130610A,14h57m40s,+28d11m
GRB130609B,03h35m01s,-40d09m
GRB130609A,10h10m42s,+24d06m
GRB130608A,01h38m19s,+41d30m
GRB130606B,14h34m18s,-22d08m
GRB130606A,16h37m37s,+29d47m
GRB130605A,08h58m06s,-33d29m
GRB130604A,16h40m19s,+68d13m
GRB130603B,11h28m50s,+17d03m
GRB130603A,05h47m49s,+82d56m
GRB130529A,01h37m02s,-64d08m
GRB130528A,09h15m39s,+87d17m
GRB130527A,20h37m07s,-24d44m
GRB130521B,18h46m34s,+22d43m
GRB130521A,05h50m14s,+14d27m
GRB130518B,21h26m13s,-20d09m
GRB130518A,23h43m14s,+47d38m
GRB130515A,18h53m41s,-54d17m
GRB130514B,09h50m26s,-18d58m
GRB130514A,19h45m06s,-07d57m
GRB130513A,09h38m59s,-05d14m
GRB130511A,13h06m33s,+18d42m
GRB130508A,20h21m15s,+34d57m
GRB130505A,09h08m14s,+17d29m
GRB130504C,06h06m52s,+03d51m
GRB130504B,23h11m49s,-05d44m
GRB130504A,18h09m27s,-16d21m
GRB130502B,04h26m36s,+71d05m
GRB130502A,09h14m19s,-00d09m
GRB130427B,20h59m34s,-22d32m
GRB130427A,11h32m33s,+27d41m
GRB130420B,12h12m29s,+54d23m
GRB130420A,13h04m24s,+59d25m
GRB130419A,23h41m05s,+09d59m
GRB130418A,09h56m10s,+13d39m
GRB130408A,08h57m36s,-32d22m
GRB130407A,16h32m23s,+10d31m
GRB130327B,14h32m22s,-69d31m
GRB130327A,06h07m58s,+55d44m
GRB130325A,08h11m07s,-18d54m
GRB130315A,10h30m10s,-51d49m
GRB130313A,15h45m42s,-00d22m
GRB130310A,09h29m21s,-17d14m
GRB130306A,18h37m55s,-11d41m
GRB130305A,07h47m04s,+52d01m
GRB130216B,03h55m30s,+02d02m
GRB130216A,04h31m36s,+14d40m
GRB130215A,02h53m55s,+13d22m
GRB130211A,09h50m05s,-42d20m
GRB130206A,09h21m30s,-58d10m
GRB130131B,11h35m48s,+15d02m
GRB130131A,11h24m26s,+48d04m
GRB130122A,12h56m52s,+59d01m
GRB130102B,20h43m37s,-72d05m
GRB130102A,20h45m51s,+49d50m
GRB121229A,12h40m24s,-50d36m
GRB121226A,11h14m38s,-30d25m
GRB121225B,20h35m39s,-34d21m
GRB121225A,17h39m27s,-66d04m
GRB121217A,10h14m54s,-62d18m
GRB121212A,11h51m22s,+78d02m
GRB121211A,13h02m11s,+30d10m
GRB121209A,21h47m12s,-08d15m
GRB121202A,17h07m16s,+23d57m
GRB121201A,00h53m57s,-42d57m
GRB121128A,20h02m20s,+54d19m
GRB121127A,11h45m45s,-52d25m
GRB121125A,15h14m05s,+55d19m
GRB121123A,20h29m27s,-11d52m
GRB121118B,11h26m49s,-03d04m
GRB121118A,19h57m31s,+65d39m
GRB121117A,02h06m32s,+07d23m
GRB121108A,05h32m45s,+54d29m
GRB121102A,18h03m37s,-16d58m
GRB121031A,11h23m05s,-03d31m
GRB121028A,18h07m42s,-02d17m
GRB121027A,04h14m26s,-58d48m
GRB121025A,16h35m00s,+27d44m
GRB121024A,04h41m52s,-12d16m
GRB121017A,19h15m16s,-01d36m
GRB121014A,11h06m31s,-29d07m
GRB121011A,17h20m48s,+41d08m
GRB121001A,18h24m08s,-05d40m
GRB120927A,09h06m24s,+00d25m
GRB120923A,20h15m11s,+06d14m
GRB120922A,15h39m01s,-20d11m
GRB120919B,20h10m32s,-37d29m
GRB120919A,14h19m04s,-45d34m
GRB120918A,12h04m13s,-32d45m
GRB120916A,13h42m31s,+36d42m
GRB120913B,14h14m35s,-14d32m
GRB120913A,09h45m45s,+26d59m
GRB120911B,11h28m35s,-37d42m
GRB120911A,23h51m51s,+63d06m
GRB120909A,18h22m44s,-59d26m
GRB120908A,15h23m06s,-25d30m
GRB120907A,04h58m58s,-09d18m
GRB120830A,05h54m36s,-28d59m
GRB120821A,17h01m05s,-40d31m
GRB120819A,15h43m33s,-07d08m
GRB120817B,00h33m17s,-26d31m
GRB120817A,16h42m49s,-38d20m
GRB120816B,22h29m48s,-01d37m
GRB120816A,18h48m30s,-06d59m
GRB120815A,18h15m40s,-52d08m
GRB120811C,13h18m50s,+62d17m
GRB120811B,02h54m53s,-30d14m
GRB120811A,17h08m44s,-22d44m
GRB120807A,16h04m51s,-47d29m
GRB120805A,14h26m08s,+05d48m
GRB120804A,15h35m43s,-28d46m
GRB120803B,20h56m54s,+53d17m
GRB120803A,17h58m16s,-06d43m
GRB120802A,02h59m24s,+13d45m
GRB120729A,00h52m13s,+49d56m
GRB120728A,09h08m24s,-54d26m
GRB120724A,16h20m46s,+03d31m
GRB120722A,15h21m58s,+13d15m
GRB120716A,20h52m21s,+09d33m
GRB120714B,23h41m44s,-46d11m
GRB120714A,11h11m53s,-30d38m
GRB120712A,11h18m25s,-20d04m
GRB120711B,22h06m40s,+60d01m
GRB120711A,06h18m49s,-71d01m
GRB120709A,21h13m38s,-50d02m
GRB120703A,22h37m26s,-29d44m
GRB120701A,05h21m21s,-58d32m
GRB120630A,23h29m11s,+42d33m
GRB120624B,11h23m46s,+08d56m
GRB120622A,13h41m43s,-01d43m
GRB120612A,08h26m54s,-17d35m
GRB120522A,11h03m59s,-62d06m
GRB120521C,14h17m09s,+42d07m
GRB120521B,13h08m03s,-52d45m
GRB120521A,09h54m46s,-49d25m
GRB120514A,18h51m58s,-04d15m
GRB120510A,02h57m09s,+72d51m
GRB120426A,07h26m09s,-65d38m
GRB120424A,01h35m56s,-29d53m
GRB120422A,09h07m43s,+14d00m
GRB120419A,12h29m29s,-63d02m
GRB120404A,15h40m03s,+12d53m
GRB120403B,03h39m14s,-89d02m
GRB120403A,02h49m50s,+40d28m
GRB120401A,03h52m16s,-17d40m
GRB120328A,16h06m12s,-39d20m
GRB120327A,16h27m19s,-29d25m
GRB120326A,18h15m42s,+69d17m
GRB120325A,11h55m17s,+73d11m
GRB120324A,19h24m20s,+24d09m
GRB120323A,22h41m38s,+29d43m
GRB120320A,14h10m09s,+08d41m
GRB120312A,16h47m03s,+23d51m
GRB120311B,17h14m00s,-13d04m
GRB120311A,18h12m21s,+14d17m
GRB120308A,14h36m19s,+79d42m
GRB120305A,03h10m11s,+28d30m
GRB120302A,08h09m48s,+29d40m
GRB120229A,01h20m08s,-35d48m
GRB120226A,20h11m43s,+48d40m
GRB120224A,02h43m54s,-17d48m
GRB120219A,08h39m10s,+51d01m
GRB120218A,21h19m02s,-25d27m
GRB120215A,02h00m08s,+08d47m
GRB120213A,20h04m08s,+65d24m
GRB120212A,02h52m25s,-18d01m
GRB120211A,05h51m00s,-24d46m
GRB120202A,13h34m04s,+22d48m
GRB120127A,09h16m34s,+15d53m
GRB120121A,16h37m21s,-23d59m
GRB120119A,08h00m07s,-09d04m
GRB120118B,08h19m28s,-07d11m
GRB120118A,13h01m28s,-61d36m
GRB120116A,01h05m00s,+33d56m
GRB120114A,21h11m37s,+57d02m
GRB120107A,16h25m36s,-69d56m
GRB120106A,04h24m31s,+64d02m
GRB120102A,18h24m48s,+24d44m
GRB111229A,05h05m08s,-84d43m
GRB111228A,10h00m19s,+18d18m
GRB111225A,00h52m24s,+51d35m
GRB111222A,12h39m05s,+65d50m
GRB111215B,14h49m37s,+16d26m
GRB111215A,23h18m12s,+32d29m
GRB111212A,20h41m37s,-68d37m
GRB111211A,10h12m22s,+11d11m
GRB111210A,12h45m57s,-07d10m
GRB111209A,00h57m26s,-46d47m
GRB111208A,19h20m52s,+40d40m
GRB111207A,06h11m42s,-39d30m
GRB111205A,08h57m57s,-31d58m
GRB111204A,22h26m34s,-31d24m
GRB111201A,12h41m56s,+33d00m
GRB111129A,20h29m46s,-52d43m
GRB111126A,18h24m24s,+51d28m
GRB111123A,10h19m24s,-20d38m
GRB111121A,10h19m00s,-46d38m
GRB111117A,00h50m49s,+23d01m
GRB111109A,07h52m47s,-41d36m
GRB111107A,08h37m56s,-66d30m
GRB111103B,17h42m49s,+01d35m
GRB111103A,21h28m29s,-10d33m
GRB111029A,02h58m46s,+57d05m
GRB111026A,16h17m06s,-47d30m
GRB111024A,14h48m42s,+25d51m
GRB111022B,07h15m48s,+49d40m
GRB111022A,18h23m29s,-23d40m
GRB111020A,19h08m06s,-37d59m
GRB111018A,18h06m00s,-03d52m
GRB111016B,19h22m00s,-04d35m
GRB111016A,10h15m13s,+27d29m
GRB111008A,04h01m49s,-32d41m
GRB111005A,14h53m08s,-19d44m
GRB110928A,17h11m01s,+36d34m
GRB110921A,19h36m19s,+36d23m
GRB110918A,02h10m18s,-27d17m
GRB110915B,05h10m12s,+01d56m
GRB110915A,20h43m24s,-00d43m
GRB110906A,19h47m34s,-26d13m
GRB110903A,13h08m09s,+59d00m
GRB110827A,10h56m23s,+53d47m
GRB110825A,02h59m35s,+15d24m
GRB110820B,10h30m20s,-54d36m
GRB110820A,22h53m20s,+70d18m
GRB110818A,21h09m32s,-63d58m
GRB110815A,05h41m11s,+32d27m
GRB110812A,23h53m38s,+72d12m
GRB110808A,03h49m03s,-44d11m
GRB110802A,02h57m49s,+32d36m
GRB110801A,05h59m22s,+80d59m
GRB110731A,18h42m05s,-28d33m
GRB110726A,19h07m00s,+56d03m
GRB110721A,22h13m36s,-39d00m
GRB110719A,01h38m15s,+34d34m
GRB110715A,15h50m38s,-46d14m
GRB110709B,10h58m27s,-23d29m
GRB110709A,15h55m35s,+40d54m
GRB110708A,22h40m20s,+53d57m
GRB110625A,19h07m00s,+06d45m
GRB110610A,20h32m36s,+74d49m
GRB110604A,18h04m01s,+18d28m
#GRB110530, 18h48m11, +61d65m
GRB110521A,08h00m35s,+45d48m
GRB110520A,08h57m30s,+56d24m
GRB110519A,17h26m31s,-23d24m
GRB110518A,04h28m43s,-34d12m
GRB110503A,08h51m12s,+52d13m
GRB110428A,00h21m12s,+64d48m
GRB110426A,14h44m00s,-11d10m
GRB110422A,07h27m59s,+75d06m
GRB110420B,21h20m12s,-41d16m
GRB110420A,00h08m40s,-37d51m
GRB110414A,06h31m30s,+24d22m
GRB110412A,08h53m58s,+13d31m
GRB110411A,19h25m45s,+67d44m
GRB110407A,12h23m59s,+15d43m
GRB110406A,01h09m22s,+35d49m
GRB110402A,13h09m41s,+61d14m
GRB110328B,07h50m24s,+43d12m
GRB110319B,21h44m18s,-56d46m
GRB110319A,23h45m36s,-66d01m
GRB110318B,14h06m47s,-51d34m
GRB110318A,22h33m06s,-15d17m
GRB110315A,18h36m46s,+17d32m
GRB110312A,10h29m55s,-05d15m
GRB110305A,17h23m31s,-15d47m
GRB110223B,10h01m06s,-68d20m
GRB110223A,23h02m24s,+87d34m
GRB110213B,02h46m27s,+01d11m
GRB110213A,02h52m01s,+49d17m
GRB110212A,04h36m13s,+43d42m
GRB110210A,00h52m19s,+07d47m
GRB110208A,01h29m56s,-20d38m
GRB110207A,00h50m10s,-10d48m
GRB110206A,06h09m29s,-58d47m
GRB110205A,10h58m21s,+67d31m
GRB110201A,09h08m16s,+88d36m
GRB110128A,12h55m30s,+28d05m
GRB110119A,23h14m14s,+05d59m
GRB110112B,00h42m24s,+64d24m
GRB110112A,21h59m46s,+26d29m
GRB110107A,19h59m34s,+41d53m
GRB110106B,08h56m47s,+47d00m
GRB110106A,05h17m08s,+64d11m
GRB110102A,16h23m31s,+07d37m
GRB101225A,00h00m56s,+44d36m
GRB101224A,19h03m42s,+45d43m
GRB101219B,00h49m02s,-34d32m
GRB101219A,04h58m28s,-02d32m
GRB101213A,16h05m09s,+21d55m
GRB101204A,11h10m12s,-20d26m
GRB101201A,00h07m49s,-16d12m
GRB101129A,10h23m41s,-17d39m
GRB101117B,11h31m38s,-72d40m
GRB101114A,20h12m46s,+14d02m
GRB101112A,19h28m54s,+39d21m
GRB101030A,11h05m34s,-16d23m
GRB101024A,04h25m54s,-77d15m
GRB101023A,21h11m49s,-65d24m
GRB101020A,12h38m16s,+23d10m
GRB101017A,19h25m31s,-35d08m
GRB101011A,03h13m12s,-65d59m
GRB101008A,21h55m34s,+37d04m
GRB100928A,14h52m09s,-28d34m
GRB100924A,00h02m41s,+07d01m
GRB100917A,19h17m04s,-17d06m
GRB100915B,05h41m31s,+25d05m
GRB100915A,21h02m36s,+65d40m
GRB100909A,04h55m48s,+54d39m
GRB100906A,01h54m50s,+55d37m
GRB100905A,02h06m07s,+14d56m
GRB100904A,11h31m41s,-16d13m
GRB100902A,03h14m35s,+30d58m
GRB100901A,01h48m59s,+22d45m
GRB100823A,01h22m49s,+05d51m
GRB100816A,23h26m58s,+26d34m
GRB100814A,01h29m55s,-17d59m
GRB100807A,03h41m18s,+67d41m
GRB100805A,19h59m30s,+52d37m
GRB100802A,00h09m50s,+47d45m
GRB100728B,02h56m13s,+00d17m
GRB100728A,05h08m16s,-14d20m
GRB100727A,10h16m40s,-21d22m
GRB100725B,19h20m06s,+76d57m
GRB100725A,11h06m04s,-26d41m
GRB100724B,08h00m10s,+76d44m
GRB100724A,12h58m16s,-11d07m
GRB100719A,07h29m03s,-05d50m
GRB100713A,17h00m50s,+28d23m
GRB100707A,23h52m05s,-08d39m
GRB100704A,08h54m33s,-24d13m
GRB100703A,00h38m05s,-25d43m
GRB100702A,16h22m49s,-56d32m
GRB100628A,15h03m52s,-31d40m
GRB100625A,01h03m05s,-39d05m
GRB100621A,21h01m14s,-51d05m
GRB100619A,05h38m28s,-27d00m
GRB100615A,11h48m50s,-19d30m
GRB100614A,17h34m05s,+49d14m
GRB100606A,23h22m25s,-66d14m
GRB100528A,20h44m29s,+27d49m
GRB100526B,00h02m48s,-37d54m
GRB100526A,15h23m08s,+25d38m
GRB100522A,20h27m56s,+09d25m
GRB100518A,20h19m13s,-24d32m
GRB100514A,21h55m17s,+29d10m
GRB100513A,11h18m19s,+03d36m
GRB100510A,23h43m46s,-35d35m
GRB100508A,05h05m00s,-20d43m
GRB100504A,17h02m17s,-35d36m
GRB100427A,05h56m41s,-03d28m
GRB100425A,19h56m45s,-26d26m
GRB100424A,13h57m49s,+01d31m
GRB100423A,09h05m54s,+21d29m
GRB100420A,19h44m31s,+55d48m
GRB100418A,17h05m30s,+11d28m
GRB100415A,00h29m48s,-16d24m
GRB100414A,12h14m28s,+20d27m
GRB100413B,23h47m16s,+51d19m
GRB100413A,17h44m52s,+15d50m
GRB100401A,19h23m15s,-08d15m
GRB100331B,20h11m57s,-11d04m
GRB100331A,17h24m14s,-58d57m
GRB100325A,22h00m58s,-26d28m
GRB100324A,06h34m27s,-09d44m
GRB100322B,05h05m57s,+42d41m
GRB100316D,07h10m28s,-56d09m
GRB100316C,02h09m10s,-68d01m
GRB100316B,10h54m00s,-45d29m
GRB100316A,16h48m08s,+71d50m
GRB100305A,11h13m28s,+42d23m
GRB100302A,13h01m23s,+74d35m
GRB100225A,20h41m12s,-59d24m
GRB100224A,05h33m52s,-08d00m
GRB100219A,10h16m53s,-12d34m
GRB100216A,10h17m03s,+35d31m
GRB100213B,08h17m21s,+43d27m
GRB100213A,23h17m43s,+43d23m
GRB100212A,23h45m51s,+49d30m
GRB100206A,03h08m42s,+13d10m
GRB100205A,09h25m37s,+31d44m
GRB100203A,06h24m54s,+04d48m
GRB100119A,19h57m18s,-53d10m
GRB100117A,00h45m02s,-01d36m
GRB100116A,20h20m05s,+14d27m
GRB100115A,00h13m20s,-00d49m
GRB100111A,16h28m09s,+15d33m
GRB100103A,07h29m27s,-34d27m
GRB091230 ,8h51m51s ,53d53m
GRB091221 ,3h43m01s ,23d13m
GRB091208B,01h57m39s,+16d53m
GRB091208 ,0h01m06s ,65d40m
GRB091202 ,9h15m11s ,62d33m
GRB091130B,13h32m24s,+34d05m
GRB091127 ,2h26m17s ,18d57m
GRB091120 ,5h07m14s ,21d47m
GRB091117 ,2h03m47s ,16d57m
GRB091112 ,7h11m00s ,36d44m
GRB091111 ,9h11m15s ,45d55m
GRB091109B,07h31m00s,-54d06m
GRB091109 ,0h37m00s ,44d11m
GRB091104 ,3h54m53s ,47d23m
GRB091102 ,4h50m29s ,72d32m
GRB091031 ,4h42m48s ,61d35m
GRB091029 ,4h00m44s ,56d00m
GRB091026 ,8h26m20s ,86d07m
GRB091024 ,2h36m50s ,56d52m
GRB091020 ,1h42m52s ,50d58m
GRB091018 ,2h08m51s ,57d32m
GRB091015 ,0h24m31s ,06d10m
GRB091010 ,9h54m40s ,22d32m
GRB091003 ,6h46m05s ,36d38m
GRB090929B,07h50m49s,-00d38m
GRB090929 ,3h45m58s ,05d58m
GRB090927 ,2h55m49s ,70d59m
GRB090926B,03h05m16s,-39d01m
GRB090926 ,3h33m36s ,66d19m
GRB090916 ,8h26m19s ,25d56m
GRB090915 ,5h51m58s ,15d29m
GRB090912 ,2h32m22s ,61d31m
GRB090904B,17h36m46s,-25d13m
GRB090904 ,6h43m32s ,50d12m
GRB090902B,17h40m00s,+27d20m
GRB090831C,07h13m07s,-25d06m
GRB090831 ,9h41m36s ,51d24m
GRB090827 ,1h13m44s ,50d54m
GRB090823 ,8h34m51s ,60d40m
GRB090817 ,4h15m58s ,44d08m
GRB090815C,04h17m58s,-65d57m
GRB090814B,04h18m59s,+60d36m
GRB090814 ,5h58m27s ,25d36m
GRB090813 ,5h08m04s ,88d34m
GRB090812 ,3h32m47s ,10d36m
GRB090809 ,1h54m35s ,00d05m
GRB090807 ,8h14m59s ,10d17m
GRB090728 ,1h58m38s ,41d39m
GRB090727 ,1h03m53s ,64d55m
GRB090726 ,6h35m16s ,72d52m
GRB090720 ,3h34m47s ,10d20m
GRB090715B,16h45m23s,+44d50m
GRB090715 ,0h08m29s ,10d00m
GRB090712 ,4h40m25s ,22d33m
GRB090709B,06h14m22s,+64d05m
GRB090709 ,9h19m44s ,60d44m
GRB090708 ,0h18m31s ,26d38m
GRB090704 ,3h52m49s ,22d47m
GRB090702 ,1h43m33s ,11d30m
GRB090628 ,5h48m12s ,15d45m
GRB090626 ,1h20m02s ,33d30m
GRB090625B,00h09m03s,-65d47m
GRB090621B,20h53m44s,+69d01m
GRB090621 ,0h43m57s ,61d58m
GRB090618 ,9h36m05s ,78d21m
GRB090607 ,2h44m50s ,44d08m
GRB090531B,16h48m15s,-36d01m
GRB090531 ,1h54m45s ,07d48m
GRB090530 ,1h57m35s ,26d35m
GRB090529 ,4h09m54s ,24d26m
GRB090520 ,0h46m27s ,08d00m
GRB090519 ,9h29m10s ,00d11m
GRB090518 ,7h59m44s ,00d46m
GRB090516 ,9h13m05s ,11d51m
GRB090515 ,0h56m41s ,14d27m
GRB090510 ,2h14m13s ,26d36m
GRB090509 ,6h05m37s ,28d24m
GRB090429B,14h02m49s,+32d10m
GRB090429 ,6h02m14s ,52d23m
GRB090427 ,5h43m43s ,13d30m
GRB090426 ,2h36m22s ,32d58m
GRB090424 ,2h38m09s ,16d50m
GRB090423 ,9h55m35s ,18d07m
GRB090422 ,9h39m01s ,40d23m
GRB090419 ,3h07m54s ,75d36m
GRB090418B,15h03m38s,+17d13m
GRB090418 ,7h57m20s ,33d25m
GRB090417B,13h58m49s,+47d00m
GRB090417 ,2h19m59s ,07d11m
GRB090410 ,2h19m55s ,15d28m
GRB090407 ,4h35m50s ,12d40m
GRB090404 ,5h56m52s ,35d30m
GRB090401B,06h20m24s,-08d58m
GRB090401 ,3h23m38s ,29d46m
GRB090328 ,6h03m29s ,41d57m
GRB090324 ,7h08m43s ,48d09m
GRB090323 ,2h42m46s ,17d05m
GRB090313 ,3h13m35s ,08d06m
GRB090309 ,8h59m55s ,25d16m
GRB090308 ,2h14m06s ,48d53m
GRB090307 ,6h19m55s ,28d39m
GRB090306B,15h24m49s,-06d57m
GRB090305 ,6h07m02s ,31d34m
GRB090301 ,2h32m34s ,26d39m
GRB090217 ,3h39m36s ,08d24m
GRB090205 ,4h43m42s ,27d52m
GRB090201 ,6h08m07s ,46d35m
GRB090129 ,7h56m22s ,32d50m
GRB090126 ,0h15m23s ,81d22m
GRB090123 ,0h27m06s ,23d31m
GRB090118 ,3h19m28s ,18d29m
GRB090117 ,0h56m01s ,58d15m
GRB090113 ,2h08m18s ,33d27m
GRB090111 ,6h46m35s ,00d05m
GRB090107B,18h59m15s,+59d36m
GRB090107 ,0h09m42s ,04d44m
GRB090102 ,8h33m02s ,33d05m
GRB081230 ,2h29m16s ,25d08m
GRB081228 ,2h37m52s ,30d51m
GRB081226B,01h41m51s,-47d25m
GRB081226 ,8h02m06s ,69d00m
GRB081222 ,1h31m00s ,34d08m
GRB081221 ,1h03m13s ,24d32m
GRB081211B,11h12m55s,+53d51m
GRB081211 ,1h52m21s ,33d49m
GRB081210 ,4h41m50s ,11d16m
GRB081204 ,3h18m52s ,60d10m
GRB081203B,15h15m10s,+44d26m
GRB081203 ,5h32m08s ,63d30m
GRB081128 ,1h23m12s ,38d07m
GRB081127 ,2h08m22s ,06d52m
GRB081126 ,1h34m10s ,48d43m
GRB081121 ,5h57m03s ,60d38m
GRB081118 ,5h30m22s ,43d18m
GRB081109 ,2h03m09s ,54d43m
GRB081105 ,0h15m52s ,03d27m
GRB081104 ,6h41m56s ,54d44m
GRB081102 ,2h04m44s ,53d00m
GRB081101 ,6h23m18s ,00d05m
GRB081029 ,3h06m49s ,68d10m
GRB081028 ,8h07m34s ,02d19m
GRB081025 ,6h21m12s ,60d28m
GRB081024B,21h31m36s,+21d12m
GRB081024 ,1h51m36s ,61d21m
GRB081022 ,5h06m28s ,12d25m
GRB081017 ,5h20m43s ,32d49m
GRB081016B,00h58m28s,-43d33m
GRB081016 ,7h02m16s ,23d20m
GRB081012 ,2h00m52s ,17d38m
GRB081011 ,4h41m27s ,33d36m
GRB081008 ,8h39m57s ,57d28m
GRB081007 ,2h39m54s ,40d08m
GRB081003B,19h00m28s,+16d41m
GRB081003 ,7h29m30s ,16d34m
GRB081001 ,8h26m18s ,08d45m
GRB080928 ,6h20m20s ,55d10m
GRB080922 ,8h03m23s ,22d29m
GRB080919 ,7h41m09s ,42d24m
GRB080916C,07h59m31s,-56d35m
GRB080916B,10h54m30s,+69d03m
GRB080916 ,2h25m12s ,57d01m
GRB080915B,14h12m19s,-11d28m
GRB080915 ,1h12m01s ,76d01m
GRB080913 ,4h22m54s ,25d07m
GRB080906 ,5h11m34s ,80d29m
GRB080905B,20h06m53s,-62d34m
GRB080905 ,9h10m39s ,18d53m
GRB080903 ,5h47m11s ,51d20m
GRB080828 ,3h18m31s ,65d56m
GRB080825B,13h57m08s,-68d57m
GRB080822B,04h13m59s,+25d45m
GRB080810 ,3h47m07s ,00d19m
GRB080805 ,0h56m55s ,62d26m
GRB080804 ,1h54m48s ,53d12m
GRB080802 ,8h02m54s ,32d20m
GRB080727C,02h10m35s,+64d09m
GRB080727B,18h27m29s,+01d10m
GRB080727 ,3h53m33s ,18d33m
GRB080726 ,1h21m35s ,13d55m
GRB080725 ,8h06m52s ,13d59m
GRB080723B,11h47m10s,-60d14m
GRB080723 ,8h18m03s ,06d55m
GRB080721 ,4h57m53s ,11d43m
GRB080714 ,2h32m26s ,60d17m
GRB080710 ,0h33m02s ,19d30m
GRB080707 ,2h10m32s ,33d09m
GRB080703 ,6h47m28s ,63d13m
GRB080702B,23h42m24s,-05d29m
GRB080702 ,0h51m25s ,72d18m
GRB080701 ,3h03m21s ,75d29m
GRB080625 ,9h53m46s ,56d16m
GRB080623 ,5h50m38s ,62d02m
GRB080613B,11h35m11s,-07d06m
GRB080613 ,4h13m01s ,05d09m
GRB080607 ,2h59m52s ,15d54m
GRB080605 ,7h28m31s ,04d00m
GRB080604 ,5h47m53s ,20d33m
GRB080603B,11h46m07s,+68d05m
GRB080603 ,8h37m31s ,62d44m
GRB080602 ,1h16m41s ,09d15m
GRB080523 ,1h22m56s ,64d03m
GRB080520 ,8h40m46s ,55d00m
GRB080517 ,6h49m01s ,50d44m
GRB080516 ,8h02m31s ,26d11m
GRB080515 ,0h12m36s ,32d36m
GRB080514B,21h31m17s,+00d44m
GRB080507 ,5h34m53s ,56d25m
GRB080506 ,1h57m44s ,39d00m
GRB080503 ,9h06m28s ,68d47m
GRB080430 ,1h01m17s ,51d41m
GRB080426 ,1h46m18s ,69d29m
GRB080414 ,8h08m30s ,18d52m
GRB080413B,21h44m32s,-19d58m
GRB080413 ,9h09m10s ,27d41m
GRB080411 ,2h32m04s ,71d20m
GRB080409 ,5h37m20s ,05d05m
GRB080408 ,7h38m43s ,33d18m
GRB080405 ,0h50m23s ,04d15m
GRB080330 ,1h17m12s ,30d34m
GRB080328 ,5h21m55s ,47d31m
GRB080325 ,8h31m35s ,36d31m
GRB080320 ,1h51m07s ,57d09m
GRB080319D,06h37m55s,+23d56m
GRB080319C,17h15m54s,+55d25m
GRB080319B,14h31m42s,+36d18m
GRB080319 ,3h45m25s ,44d05m
GRB080315 ,0h20m44s ,41d44m
GRB080310 ,4h40m19s ,00d10m
GRB080307 ,9h06m32s ,35d10m
GRB080303 ,7h28m18s ,70d14m
GRB080229B,13h16m53s,-64d53m
GRB080229 ,5h12m52s ,14d43m
GRB080218B,11h51m48s,-53d06m
GRB080218 ,3h43m41s ,12d10m
GRB080212 ,5h24m26s ,22d45m
GRB080211 ,2h55m52s ,60d02m
GRB080210 ,6h45m05s ,13d50m
GRB080207 ,3h50m03s ,07d31m
GRB080205 ,6h32m53s ,62d46m
GRB080130 ,7h26m42s ,53d11m
GRB080129 ,7h01m07s ,07d50m
GRB080123 ,2h35m43s ,64d53m
GRB080122 ,2h45m24s ,27d01m
GRB080121 ,9h08m56s ,41d50m
GRB080120 ,5h01m09s ,10d54m
GRB071227 ,3h52m29s ,55d57m
GRB071129 ,4h40m22s ,26d42m
GRB071122 ,8h26m20s ,47d04m
GRB071118 ,9h59m16s ,70d06m
GRB071117 ,2h20m38s ,63d26m
GRB071112C,02h36m53s,+28d23m
GRB071112B,17h21m13s,-80d53m
GRB071109 ,9h19m39s ,02d03m
GRB071104 ,9h42m24s ,14d39m
GRB071101 ,3h12m46s ,62d28m
GRB071031 ,0h25m50s ,58d03m
GRB071028B,23h36m39s,-31d38m
GRB071028 ,7h59m23s ,21d30m
GRB071025 ,3h40m20s ,31d45m
GRB071021 ,2h42m33s ,23d40m
GRB071020 ,7h58m39s ,32d52m
GRB071018 ,0h58m42s ,53d50m
GRB071013 ,8h38m06s ,33d51m
GRB071011 ,0h33m36s ,61d04m
GRB071010C,22h32m13s,+66d10m
GRB071010B,10h02m07s,+45d44m
GRB071010 ,9h12m24s ,32d23m
GRB071008 ,0h06m11s ,44d20m
GRB071006 ,2h21m07s ,23d09m
GRB071003 ,0h07m25s ,10d58m
GRB071001 ,9h59m04s ,59d45m
GRB070925 ,6h52m45s ,22d01m
GRB070923 ,2h18m30s ,38d16m
GRB070920B,00h00m35s,-34d49m
GRB070920 ,6h43m44s ,72d14m
GRB070917 ,9h35m42s ,02d25m
GRB070913 ,5h15m20s ,24d20m
GRB070911 ,1h43m12s ,33d28m
GRB070810B,00h35m46s,+08d50m
GRB070810 ,2h39m53s ,10d44m
GRB070809 ,3h35m08s ,22d08m
GRB070808 ,0h27m04s ,01d10m
GRB070805 ,6h20m10s ,59d57m
GRB070802 ,2h27m24s ,55d32m
GRB070731 ,1h54m17s ,15d45m
GRB070729 ,3h45m17s ,35d19m
GRB070724B,01h10m31s,+57d40m
GRB070724 ,1h51m16s ,18d37m
GRB070721B,02h12m31s,-02d11m
GRB070721 ,0h12m42s ,28d33m
GRB070714B,03h51m25s,+28d18m
GRB070714 ,2h51m44s ,30d14m
GRB070707 ,7h51m23s ,68d54m
GRB070704 ,3h38m54s ,66d15m
GRB070628 ,7h41m08s ,20d17m
GRB070621 ,1h35m13s ,24d48m
GRB070616 ,2h08m37s ,56d57m
GRB070615 ,2h57m12s ,04d24m
GRB070612B,17h26m51s,-08d43m
GRB070612 ,8h05m32s ,37d16m
GRB070611 ,0h07m57s ,29d45m
GRB070531 ,0h26m43s ,74d18m
GRB070529 ,8h55m00s ,20d38m
GRB070521 ,6h10m41s ,30d14m
GRB070520B,08h07m48s,+57d37m
GRB070520 ,2h53m16s ,75d00m
GRB070518 ,6h56m54s ,55d18m
GRB070517 ,8h30m19s ,62d20m
GRB070509 ,5h51m42s ,78d41m
GRB070508 ,0h51m08s ,78d22m
GRB070506 ,3h08m52s ,10d44m
GRB070429B,21h52m06s,-38d51m
GRB070429 ,9h50m45s ,32d23m
GRB070427 ,1h55m27s ,27d38m
GRB070420 ,8h05m01s ,45d34m
GRB070419B,21h02m52s,-31d16m
GRB070419 ,2h10m51s ,39d54m
GRB070412 ,2h06m01s ,40d06m
GRB070411 ,7h09m21s ,01d05m
GRB070406 ,3h15m49s ,16d32m
GRB070402 ,0h44m44s ,27d24m
GRB070330 ,7h58m05s ,63d47m
GRB070328 ,4h20m28s ,34d04m
GRB070318 ,3h14m10s ,42d58m
GRB070311 ,5h50m17s ,03d22m
GRB070309 ,7h34m45s ,37d58m
GRB070306 ,9h52m20s ,10d28m
GRB070227 ,8h02m16s ,46d18m
GRB070224 ,1h55m58s ,13d20m
GRB070223 ,0h13m49s ,43d07m
GRB070220 ,2h19m17s ,68d49m
GRB070219 ,7h20m48s ,69d22m
GRB070209 ,3h04m57s ,47d22m
GRB070208 ,3h11m41s ,61d58m
GRB070129 ,2h28m03s ,11d43m
GRB070126 ,2h13m50s ,73d31m
GRB070125 ,7h51m24s ,31d08m
GRB070124 ,4h45m32s ,54d34m
GRB070110 ,0h03m38s ,52d58m
GRB070107 ,0h37m38s ,53d12m
GRB070103 ,3h30m14s ,26d53m
GRB061222B,07h01m26s,-25d51m
GRB061222 ,3h52m58s ,46d32m
GRB061218 ,9h56m53s ,35d09m
GRB061217 ,0h41m46s ,21d07m
GRB061210 ,9h38m03s ,15d38m
GRB061202 ,7h02m34s ,74d40m
GRB061201 ,2h07m53s ,74d36m
GRB061126 ,5h46m30s ,64d11m
GRB061122 ,0h15m21s ,15d31m
GRB061121 ,9h49m00s ,13d11m
GRB061110B,21h35m36s,+06d53m
GRB061110 ,2h25m13s ,02d16m
GRB061102 ,9h53m37s ,17d04m
GRB061028 ,6h28m51s ,46d16m
GRB061027 ,8h03m15s ,82d14m
GRB061025 ,0h03m39s ,48d15m
GRB061021 ,9h40m32s ,21d56m
GRB061019 ,6h06m28s ,29d34m
GRB061007 ,3h05m16s ,50d29m
GRB061006 ,7h24m22s ,79d12m
GRB061004 ,6h31m00s ,45d54m
GRB061002 ,4h41m23s ,48d44m
GRB060930 ,0h17m58s ,23d38m
GRB060929 ,7h32m40s ,29d49m
GRB060928 ,8h30m33s ,42d13m
GRB060927 ,1h58m13s ,05d21m
GRB060926 ,7h35m49s ,13d02m
GRB060923C,23h04m30s,+03d57m
GRB060923B,15h52m48s,-30d54m
GRB060923 ,6h58m30s ,12d23m
GRB060919 ,8h27m39s ,51d02m
GRB060912B,18h04m57s,-19d53m
GRB060912 ,0h21m09s ,20d58m
GRB060908 ,2h07m20s ,00d22m
GRB060906 ,2h43m00s ,30d21m
GRB060904B,03h52m51s,-00d43m
GRB060904 ,5h50m58s ,44d58m
GRB060901 ,9h08m38s ,06d38m
GRB060825 ,1h12m24s ,55d48m
GRB060814 ,4h45m23s ,20d35m
GRB060813 ,7h27m28s ,29d51m
GRB060807 ,6h50m07s ,31d35m
GRB060805B,18h10m02s,+58d09m
GRB060805 ,4h43m41s ,12d36m
GRB060804 ,7h28m48s ,27d14m
GRB060801 ,4h12m06s ,16d59m
GRB060729 ,6h21m21s ,62d21m
GRB060728 ,1h06m46s ,41d23m
GRB060719 ,1h13m49s ,48d22m
GRB060717 ,1h23m27s ,28d57m
GRB060714 ,5h11m29s ,06d33m
GRB060712 ,2h16m15s ,35d34m
GRB060708 ,0h31m12s ,33d44m
GRB060707 ,3h48m19s ,17d55m
GRB060614 ,1h23m27s ,53d02m
GRB060607B,02h48m08s,+14d44m
GRB060607 ,1h58m51s ,22d30m
GRB060605 ,1h28m35s ,06d04m
GRB060604 ,2h28m58s ,10d54m
GRB060602 ,9h58m18s ,00d19m
GRB060526 ,5h31m23s ,00d15m
GRB060522 ,1h31m48s ,02d53m
GRB060516 ,4h44m43s ,18d07m
GRB060515 ,8h29m09s ,73d33m
GRB060512 ,3h03m05s ,41d13m
GRB060510B,15h56m34s,+78d34m
GRB060510 ,6h23m29s ,01d10m
GRB060507 ,5h59m53s ,75d14m
GRB060505 ,2h07m04s ,27d49m
GRB060502B,18h35m45s,+52d38m
GRB060502 ,6h03m26s ,66d36m
GRB060501 ,1h53m28s ,43d59m
GRB060429 ,7h41m57s ,24d58m
GRB060428B,15h41m24s,+62d01m
GRB060428 ,8h14m16s ,37d10m
GRB060427 ,8h17m13s ,62d37m
GRB060424 ,0h29m25s ,36d49m
GRB060421 ,2h54m31s ,62d44m
GRB060418 ,5h45m41s ,03d39m
GRB060413 ,9h25m12s ,13d48m
GRB060403 ,8h49m13s ,08d20m
GRB060323 ,1h37m38s ,49d58m
GRB060322 ,8h16m59s ,36d42m
GRB060319 ,1h45m29s ,59d59m
GRB060313 ,4h26m26s ,10d52m
GRB060312 ,3h03m04s ,12d49m
GRB060306 ,2h44m24s ,02d09m
GRB060223B,16h56m58s,-30d48m
GRB060223 ,3h40m52s ,17d08m
GRB060219 ,6h07m14s ,32d20m
GRB060218 ,3h21m37s ,16d52m
GRB060213 ,9h26m24s ,09d09m
GRB060211B,05h00m17s,+14d57m
GRB060211 ,3h53m36s ,21d29m
GRB060210 ,3h50m55s ,27d02m
GRB060206 ,3h31m47s ,35d04m
GRB060204C,06h10m54s,+70d10m
GRB060204B,14h07m11s,+27d41m
GRB060204 ,5h29m08s ,39d28m
GRB060203 ,6h54m03s ,71d49m
GRB060202 ,2h23m22s ,38d22m
GRB060130 ,5h16m54s ,36d55m
GRB060124 ,5h08m10s ,69d43m
GRB060123 ,1h59m00s ,45d31m
GRB060121 ,9h09m57s ,45d40m
GRB060117 ,1h51m42s ,59d59m
GRB060116 ,5h38m48s ,05d27m
GRB060115 ,3h36m11s ,17d21m
GRB060114 ,3h01m08s ,04d44m
GRB060111B,19h05m21s,+70d22m
GRB060111 ,8h24m51s ,37d36m
GRB060110 ,4h50m58s ,28d23m
GRB060109 ,8h50m50s ,31d59m
GRB060108 ,9h47m58s ,31d55m
GRB060105 ,9h49m54s ,46d22m
GRB060102 ,1h55m25s ,01d51m
GRB051227 ,8h21m05s ,31d56m
GRB051221B,20h49m35s,+53d03m
GRB051221 ,1h54m51s ,16d54m
GRB051213 ,6h48m29s ,59d12m
GRB051211B,23h02m32s,+55d05m
GRB051211 ,6h56m13s ,32d41m
GRB051210 ,2h00m47s ,57d38m
GRB051117B,05h40m54s,-19d15m
GRB051117 ,5h13m37s ,30d52m
GRB051114 ,5h05m06s ,60d09m
GRB051113 ,2h28m53s ,26d23m
GRB051111 ,3h12m38s ,18d20m
GRB051109B,23h01m46s,+38d40m
GRB051109 ,2h01m11s ,40d50m
GRB051105B,00h37m52s,-40d29m
GRB051105 ,7h41m09s ,34d55m
GRB051103 ,9h52m34s ,68d51m
GRB051028 ,1h48m39s ,47d49m
GRB051022 ,3h56m00s ,19d36m
GRB051021B,08h24m09s,-45d31m
GRB051021 ,1h56m24s ,09d07m
GRB051016B,08h48m16s,+13d39m
