grb,ra,dec,err
180418A,11:20:29.16,+24:55:59.1,1.6 
180411A,23:47:24.96,+66:46:42.5,3.5 
180410A,06:23:49.71,+12:48:41.1,1.5 
180409A,NO POSITION,,
180409A,NO POSITION,,
180409A,NO POSITION,,
180409A,NO POSITION,,
180409A,11:43:22.42,+36:14:00.6,3.6 
180409A,NO POSITION,,
180407A,NO POSITION,,
180404B,03:33:34.31,-50:12:55.6,1.4 
180404A,05:34:11.74,-37:10:04.8,1.9 
180402A,16:47:43.80,-14:58:12.5,3.6 
180331B,13:07:07.96,+61:43:35.2,1.4 
180331A,04:24:05.92,+13:23:55.6,1.5 
180329B,05:31:36.91,-23:41:27.4,1.4 
180325A,10:29:42.57,+24:27:48.9,1.4 
180324A,05:06:06.55,+56:42:50.1,1.4 
180316A,17:41:42.85,+00:44:53.2,1.4 
180314B,19:51:32.80,+23:37:26.9,1.5 
180314A,06:37:03.70,-24:29:46.5,1.4 
180311A,00:13:33.05,-54:29:29.2,1.5 
180305A,03:18:28.37,+32:06:35.8,1.7 
180224A,13:30:44.10,+38:04:43.5,1.4 
180222A,17:06:10.25,-36:48:46.0,6.5 
180210A,NO POSITION,,
180210A,00:07:22.02,+18:33:09.9,1.7 
180205A,08:27:16.72,+11:32:31.6,1.5 
180204A,22:00:31.98,+30:50:16.2,1.4 
180115A,00:48:09.32,-15:37:50.5,1.4 
180113A,NO POSITION,,
180111A,09:59:07.12,+48:16:02.7,1.5 
180103A,NO POSITION,,
180103A,10:38:24.35,-53:33:21.6,3.8 
180102A,13:32:16.07,+62:10:19.6,1.5 
171222A,09:53:06.64,+35:37:35.9,2.3 
171216A,14:07:57.77,-50:29:05.1,1.5 
171212A,19:35:40.28,+20:35:31.3,2.1 
171211A,06:32:32.26,-58:41:28.9,1.8 
171210A,NO POSITION,,
171209A,09:17:36.65,-30:31:12.6,1.4 
171205A,11:09:39.49,-12:35:18.7,1.5 
171124A,22:21:54.24,+35:19:55.7,2.3 
171123A,12:24:59.15,+32:30:03.7,1.5 
171120A,10:55:09.71,+22:27:31.2,1.6 
171115A,18:33:33.14,+09:07:29.6,1.6 
171103A,NO POSITION,,
171102B,19:12:18.68,+22:26:39.4,1.5 
171030A,NO POSITION,,
171027A,04:06:45.78,-02:37:19.5,1.4 
171020A,02:36:59.61,+15:12:14.8,1.4 
171011A,NO POSITION,,
171010B,02:16:32.16,-54:23:28.0,4.4 
171010A,NO POSITION,,
171010A,04:26:19.42,-10:27:47.7,1.4 
171010A,NO POSITION,,
171007A,09:02:24.11,+42:49:09.2,1.9 
171004A,09:16:40.66,+52:41:35.1,1.4 
171001A,01:28:18.58,-11:53:39.0,1.5 
170921A,01:47:23.79,+30:54:24.2,1.5 
170912B,14:21:50.01,-61:59:48.6,1.4 
170912A,11:09:29.62,-54:19:34.8,1.9 
170906C,08:34:36.86,+70:48:41.8,1.4 
170906B,15:28:49.00,-28:15:21.9,1.8 
170906A,13:35:49.23,-47:06:03.1,1.5 
170903A,16:58:06.25,+34:58:44.7,1.4 
170827A,18:24:36.19,-40:12:05.8,4.9 
170823A,NO POSITION,,
170822A,06:17:32.75,+55:00:15.2,1.4 
170813A,13:24:13.82,-05:29:26.7,1.8 
170810A,12:31:45.29,+03:39:38.6,1.4 
170807A,NO POSITION,,
170804A,00:25:34.21,-64:47:03.5,1.5 
170803A,11:39:44.17,-16:18:37.0,1.4 
170728B,15:51:55.49,+70:07:20.3,1.4 
170728A,03:55:33.21,+12:10:53.4,1.5 
170724A,NO POSITION,,
170714A,02:17:23.97,+01:59:29.1,1.4 
170711A,03:03:12.13,+47:50:56.8,1.5 
170710B,NO POSITION,,
170710A,15:27:16.84,-38:29:06.1,1.5 
170705A,12:46:48.96,+18:18:25.4,1.4 
170629A,08:39:56.47,-46:34:16.9,2.3 
170626A,11:01:34.45,+56:28:36.5,3.5 
170607A,00:29:27.81,+09:14:35.7,1.4 
170604A,22:50:37.49,-15:24:44.5,1.4 
170531B,19:07:32.09,-16:25:08.0,1.5 
170531A,08:05:00.71,-14:01:26.7,4.6 
170526A,00:18:49.71,+01:16:37.2,1.8 
170524B,06:03:28.34,-17:04:58.5,2.3 
170524A,21:17:56.69,+48:36:24.8,3.9 
170522A,NO POSITION,,
170522A,NO POSITION,,
170522A,NO POSITION,,
170522A,NO POSITION,,
170522A,NO POSITION,,
170522A,NO POSITION,,
170519A,10:53:42.48,+25:22:26.7,1.4 
170516A,02:46:16.42,-55:54:34.4,1.5 
170510A,10:40:52.32,-39:06:01.4,3.7 
170510A,NO POSITION,,
170510A,NO POSITION,,
170510A,NO POSITION,,
170510A,NO POSITION,,
170510A,NO POSITION,,
170510A,NO POSITION,,
170510A,10:40:36.95,-39:12:44.8,2.3 
170510A,NO POSITION,,
170428A,22:00:18.75,+26:54:57.1,2.3 
170424A,NO POSITION,,
170424A,NO POSITION,,
170424A,NO POSITION,,
170424A,NO POSITION,,
170424A,NO POSITION,,
170424A,NO POSITION,,
170424A,NO POSITION,,
170424A,NO POSITION,,
170424A,NO POSITION,,
170419B,NO POSITION,,
170419A,05:19:25.12,-21:25:25.8,1.6 
170405A,14:39:18.66,-25:14:36.2,1.4 
170331A,21:35:10.06,-24:23:11.0,1.5 
170330A,18:53:19.30,-13:25:52.2,1.4 
170318B,18:57:13.47,+06:17:57.0,1.8 
170318A,20:22:40.12,+28:24:21.6,1.7 
170317A,06:12:14.88,+50:29:34.9,1.4 
170311A,18:42:21.47,-30:02:45.3,1.5 
170307A,NO POSITION,,
170306B,NO POSITION,,
170306B,NO POSITION,,
170306B,NO POSITION,,
170306B,NO POSITION,,
170306B,NO POSITION,,
170306B,NO POSITION,,
170306B,NO POSITION,,
170306B,NO POSITION,,
170306A,17:32:16.55,-44:44:53.6,3.6 
170222A,NO POSITION,,
170222A,NO POSITION,,
170222A,NO POSITION,,
170214A,17:05:21.94,-01:53:15.1,2.4 
170209A,NO POSITION,,
170208B,08:28:34.55,-09:01:47.9,1.6 
170208A,11:06:15.52,-46:46:05.6,1.4 
170206B,18:07:04.92,+11:11:37.8,1.6 
170205A,17:28:40.63,-00:03:47.5,1.4 
170203A,NO POSITION,,
170202A,10:10:03.48,+05:00:41.0,1.4 
170131A,NO POSITION,,
170127C,NO POSITION,,
170127C,NO POSITION,,
170127C,NO POSITION,,
170127C,NO POSITION,,
170127C,NO POSITION,,
170127C,NO POSITION,,
170127C,NO POSITION,,
170127C,NO POSITION,,
170127B,01:19:54.50,-30:21:29.2,2.0 
170127A,11:37:26.32,-45:50:08.3,3.7 
170126A,17:34:31.86,-64:45:38.9,1.7 
170121B,NO POSITION,,
170117A,NO POSITION,,
170115B,NO POSITION,,
170115B,NO POSITION,,
170115B,NO POSITION,,
170115B,NO POSITION,,
170115B,NO POSITION,,
170115A,22:08:33.28,+13:43:42.1,3.7 
170113A,04:06:55.93,-71:56:34.4,1.4 
170112A,NO POSITION,,
170111A,01:22:47.37,-32:33:54.3,1.5 
170101A,NO POSITION,,
161224A,13:39:15.83,-18:01:44.2,4.2 
161220A,23:23:23.01,-47:30:04.8,1.6 
161219B,06:06:51.37,-26:47:29.7,1.4 
161218A,NO POSITION,,
161217A,10:02:36.27,+52:21:32.5,1.5 
161214B,00:15:24.28,+07:21:08.4,1.4 
161202A,23:47:36.65,+19:38:47.4,1.4 
161129A,21:04:54.65,+32:08:05.4,1.4 
161123A,NO POSITION,,
161123A,NO POSITION,,
161123A,NO POSITION,,
161123A,NO POSITION,,
161123A,NO POSITION,,
161123A,NO POSITION,,
161123A,NO POSITION,,
161123A,NO POSITION,,
161117B,19:55:18.01,-67:42:09.3,1.5 
161117A,21:28:12.59,-29:36:50.4,1.4 
161113A,11:59:10.50,-05:18:33.1,1.5 
161109A,NO POSITION,,
161109A,NO POSITION,,
161109A,NO POSITION,,
161109A,NO POSITION,,
161109A,NO POSITION,,
161108A,12:03:09.10,+24:52:05.5,1.5 
161105A,08:00:44.10,-44:46:30.6,1.7 
161104A,05:11:34.45,-51:27:36.4,3.0 
161023A,20:44:05.20,-47:39:48.7,1.5 
161022A,08:36:00.35,+54:20:53.9,1.4 
161017A,09:31:04.53,+43:07:34.9,1.4 
161015A,NO POSITION,,
161015A,NO POSITION,,
161015A,NO POSITION,,
161015A,NO POSITION,,
161015A,NO POSITION,,
161015A,17:57:00.46,+30:22:25.0,2.7 
161014A,22:10:35.41,+07:28:07.6,1.4 
161011A,16:22:54.88,+08:18:39.6,1.4 
161010A,18:20:51.40,-28:47:07.1,2.9 
161007A,06:53:38.19,+23:18:24.3,1.5 
161004B,07:28:36.29,-39:53:52.6,1.4 
161004A,17:32:36.56,-00:57:02.5,1.5 
161001A,04:47:40.80,-57:15:39.0,1.4 
160927A,17:04:58.20,+17:19:55.0,1.7 
160925A,NO POSITION,,
160917A,19:42:39.90,+46:24:12.4,1.5 
160912A,20:05:59.77,+57:33:55.8,1.7 
160910A,NO POSITION,,
160910A,14:45:46.04,+39:04:01.2,2.3 
160905A,10:48:59.02,-50:48:03.5,1.4 
160829A,NO POSITION,,
160827A,NO POSITION,,
160826A,12:12:27.16,-67:39:50.7,3.6 
160825A,NO POSITION,,
160824A,05:20:21.01,+40:01:41.9,1.4 
160821B,18:39:54.27,+62:23:29.2,2.2 
160821A,NO POSITION,,
160816A,21:29:38.68,+37:07:58.1,1.6 
160815A,19:14:09.36,+84:18:50.0,1.5 
160804A,14:46:31.21,+09:59:56.1,1.4 
160801A,14:11:03.10,+13:29:21.1,1.7 
160726A,NO POSITION,,
160716A,12:41:45.01,-61:21:03.8,2.0 
160714A,NO POSITION,,
160712A,20:16:38.36,-26:57:29.7,1.5 
160709A,NO POSITION,,
160705B,11:12:26.24,+46:41:59.5,1.5 
160703A,NO POSITION,,
160630A,13:13:02.16,-56:02:30.7,1.4 
160629A,00:19:27.24,+76:58:02.2,2.5 
160625B,NO POSITION,,
160625B,20:34:23.56,+06:55:09.9,2.2 
160625A,11:47:39.72,-65:08:39.2,2.3 
160624A,22:00:46.21,+29:38:37.8,1.7 
160623A,21:01:11.54,+42:13:15.4,1.5 
160612A,NO POSITION,,
160611A,10:57:41.36,-70:23:32.8,1.5 
160607A,00:54:40.16,-04:56:53.9,1.4 
160601A,15:39:44.53,+64:32:28.7,3.1 
160530A,NO POSITION,,
160530A,NO POSITION,,
160525B,09:57:32.31,+51:12:23.9,1.5 
160525A,NO POSITION,,
160521B,09:50:40.02,+79:01:50.5,3.1 
160519A,NO POSITION,,
160509A,NO POSITION,,
160509A,20:47:00.73,+76:06:28.7,1.5 
160509A,NO POSITION,,
160506A,17:43:23.67,-46:08:02.9,1.7 
160504A,11:20:17.34,+56:00:05.5,1.4 
160501A,19:05:32.17,-17:14:28.9,1.6 
160425A,18:41:18.55,-54:21:36.1,1.4 
160424A,21:17:56.41,-60:24:53.3,3.80 
160422A,02:48:22.70,-57:52:29.9,1.7 
160419A,NO POSITION,,
160417A,08:01:01.64,+07:39:46.0,1.4 
160412A,02:12:11.05,-67:37:36.7,1.6 
160411A,23:17:25.64,-40:14:32.1,2.2 
160410A,10:02:44.43,+03:28:41.7,2.3 
160409A,NO POSITION,,
160408A,08:10:29.92,+71:07:42.0,1.6 
160401A,NO POSITION,,
160327A,09:46:48.56,+54:00:46.3,1.4 
160325A,01:02:36.12,-72:41:47.9,1.6 
160321A,06:37:40.76,+05:44:52.0,1.6 
160314A,07:31:09.83,+16:59:57.8,2.9 
160313A,12:15:11.17,+57:17:00.4,1.7 
160310A,NO POSITION,,
160303A,11:14:48.16,+22:44:31.3,1.5 
160228A,07:09:15.90,+26:55:54.3,1.6 
160227A,12:59:13.73,+78:40:44.9,1.4 
160225A,10:56:55.15,+53:40:12.4,1.4 
160223B,NO POSITION,,
160223A,09:50:23.64,+09:22:12.9,7.5 
160221A,15:28:21.67,-28:27:21.1,2.6 
160220B,17:19:27.65,-18:07:26.3,1.5 
160220A,15:47:48.67,-18:33:57.7,1.8 
160216A,20:46:44.24,-71:32:54.1,1.4 
160206A,NO POSITION,,
160203A,10:47:48.33,-24:47:20.6,1.5 
160131A,05:12:40.32,-07:02:59.4,1.4 
160127A,15:03:55.76,+00:04:22.4,1.4 
160123A,10:01:15.02,-33:46:30.7,1.5 
160121A,07:16:21.14,-23:35:31.7,1.5 
160119A,14:07:41.31,+20:27:40.4,1.4 
160117B,08:48:46.71,-16:22:01.1,1.4 
160117A,01:21:28.19,-00:39:19.2,1.9 
160113A,NO POSITION,,
160104A,05:07:11.04,+11:19:26.4,1.5 
160102A,NO POSITION,,
160101A,14:38:36.16,-13:48:53.9,2.3 
160101A,NO POSITION,,
151229A,21:57:28.76,-20:43:55.5,1.4 
151228B,22:57:41.90,+08:04:52.8,1.5 
151228A,NO POSITION,,
151215A,06:14:20.21,+35:30:58.4,1.6 
151212A,NO POSITION,,
151212A,NO POSITION,,
151212A,04:32:36.15,-03:57:45.3,2.1 
151210A,04:20:28.02,-71:15:01.9,1.5 
151205C,NO POSITION,,
151205B,NO POSITION,,
151205A,15:17:09.27,+35:44:38.1,1.5 
151127A,01:17:54.27,-82:46:14.9,1.9 
151122A,NO POSITION,,
151120A,10:28:57.91,-32:31:35.2,2.2 
151118A,03:48:41.17,+65:54:06.1,1.5 
151114A,08:03:46.35,-61:01:40.5,1.5 
151112A,00:08:12.84,-61:39:47.6,1.4 
151111A,03:47:22.74,-44:09:41.5,1.5 
151107A,NO POSITION,,
151031A,05:32:47.02,-39:07:18.6,1.5 
151029A,02:34:06.71,-35:23:07.8,1.6 
151027B,05:04:52.67,-06:27:00.7,1.4 
151027A,18:09:56.86,+61:21:12.1,1.4 
151023A,18:03:56.30,-08:18:58.6,2.1 
151022A,23:16:47.15,+55:48:42.2,1.6 
151021A,22:30:34.43,-33:11:50.3,1.4 
151006A,09:49:42.13,+70:30:10.8,1.4 
151001B,22:27:21.40,+64:41:37.7,1.6 
151001A,15:34:54.89,+10:58:01.9,1.4 
150925A,15:10:08.22,-19:37:58.9,1.5 
150915A,21:18:37.78,-34:54:49.7,3.7 
150912A,NO POSITION,,
150911A,04:29:44.14,+05:44:07.6,1.4 
150910A,00:22:40.16,+33:28:22.7,1.4 
150907B,17:01:12.96,-63:47:06.3,1.7 
150907A,NO POSITION,,
150902A,14:19:54.20,-69:21:10.1,3.5 
150901A,NO POSITION,,
150831B,18:04:09.30,-27:15:30.8,3.7 
150831A,14:44:05.82,-25:38:06.5,1.6 
150821A,22:47:39.15,-57:53:38.2,1.4 
150819A,02:49:19.95,+09:48:26.8,1.5 
150818A,15:21:25.41,+68:20:31.1,1.6 
150817A,16:38:31.47,-12:03:10.5,1.4 
150811A,19:25:21.39,-15:25:30.8,1.5 
150801B,05:31:51.88,-05:23:21.5,1.4 
150801A,NO POSITION,,
150728A,19:28:55.14,+33:54:56.7,5.3 
150727A,13:35:52.50,-18:19:32.5,1.7 
150724B,23:27:33.90,+03:49:06.4,2.3 
150724A,06:30:14.48,-19:09:51.9,1.6 
150722A,14:33:06.72,-35:11:45.1,1.4 
150720A,07:58:19.52,-28:15:44.8,1.7 
150716A,18:33:57.01,-12:58:47.3,4.1 
150711A,14:46:30.37,-35:27:22.1,1.5 
150710B,05:32:52.46,-46:56:31.5,2.5 
150710A,12:57:53.02,+14:19:05.4,3.5 
150702A,NO POSITION,,
150627A,07:49:52.96,-51:29:22.5,1.4 
150626B,12:30:32.04,+66:46:18.7,1.7 
150626A,07:25:20.84,-37:46:50.5,1.5 
150622A,NO POSITION,,
150622A,NO POSITION,,
150622A,16:49:49.57,-52:51:00.3,4.0 
150622A,NO POSITION,,
150616A,20:58:52.02,-53:23:38.1,1.4 
150615A,07:10:15.53,-22:26:56.4,1.5 
150608A,NO POSITION,,
150608A,NO POSITION,,
150608A,00:52:40.10,-00:38:39.3,3.6 
150607A,09:19:57.24,+68:26:09.6,1.4 
150530B,NO POSITION,,
150530A,21:50:02.96,+57:30:59.9,1.6 
150527A,19:15:50.32,+04:12:07.0,1.5 
150523A,NO POSITION,,
150523A,07:41:08.68,-45:25:13.7,1.6 
150518A,NO POSITION,,
150518A,15:36:48.25,+16:19:47.4,2.3 
150518A,NO POSITION,,
150514A,04:59:30.45,-60:58:07.0,2.0 
150513A,NO POSITION,,
150430A,21:45:55.17,-27:54:06.5,1.4 
150428C,NO POSITION,,
150428C,NO POSITION,,
150428B,19:30:33.45,+04:07:30.5,1.5 
150428A,12:34:09.21,+06:57:13.3,1.9 
150424B,NO POSITION,,
150424B,NO POSITION,,
150424B,NO POSITION,,
150424A,10:09:13.34,-26:37:51.4,1.4 
150423A,14:46:18.95,+12:17:00.3,1.6 
150418A,NO POSITION,,
150418A,NO POSITION,,
150413A,NO POSITION,,
150407A,NO POSITION,,
150403A,20:46:01.18,-62:42:40.3,1.4 
150402A,11:34:21.16,+40:56:25.8,4.8 
150323C,12:50:28.02,+50:11:28.4,1.6 
150323B,NO POSITION,,
150323A,08:32:42.74,+45:27:52.8,1.6 
150318A,21:40:01.45,-61:27:24.8,1.7 
150317A,09:15:56.29,+55:27:56.5,1.8 
150314A,08:26:40.91,+63:50:03.4,1.7 
150309A,18:28:24.28,+86:25:45.3,1.6 
150302A,11:42:07.44,+36:48:39.7,2.7 
150301B,05:56:40.03,-57:58:10.5,1.5 
150301A,16:17:13.13,-48:42:47.2,5 
150222A,13:15:08.76,-12:09:07.3,1.7 
150220A,NO POSITION,,
150219A,18:05:00.34,-41:35:38.9,1.9 
150213B,16:53:48.56,+34:11:19.5,1.6 
150212A,19:01:55.60,+47:21:51.6,1.6 
150211A,16:59:26.21,+55:23:36.2,1.6 
150210A,NO POSITION,,
150206A,00:40:17.67,-63:10:56.2,1.4 
150204A,10:40:57.04,-64:02:21.6,5.0 
150203A,06:33:35.79,+06:57:13.3,1.5 
150202B,05:47:49.07,+58:49:46.7,2.4 
150202A,02:36:54.60,-33:08:52.9,1.7 
150201A,00:47:19.86,-37:37:07.8,1.5 
150123A,NO POSITION,,
150120B,02:37:09.76,+08:04:40.6,1.4 
150120A,00:41:16.53,+33:59:41.9,1.8 
150110C,NO POSITION,,
150110B,19:17:29.98,+32:31:23.8,1.5 
150103A,08:46:39.83,-48:53:09.1,1.5 
150101B,12:32:04.97,-10:56:00.8,1.8 
150101A,20:50:24.81,+36:43:58.7,2.7 
141229A,NO POSITION,,
141225A,09:15:06.80,+33:47:30.7,1.4 
141221A,13:13:08.86,+08:12:18.2,1.4 
141220A,13:00:15.68,+32:08:47.8,3.6 
141215A,11:55:50.33,-52:49:34.4,2.7 
141212B,16:43:30.28,+31:45:01.8,2.4 
141212A,02:36:29.98,+18:08:49.9,2.7 
141207A,NO POSITION,,
141207A,NO POSITION,,
141130A,14:51:17.26,+47:19:06.4,1.5 
141121A,08:10:40.68,+22:13:02.7,1.5 
141109B,14:49:12.74,+73:07:51.0,1.5 
141109A,09:38:07.40,-00:36:28.7,1.4 
141031B,23:47:37.18,+41:21:08.0,1.7 
141031A,08:34:26.02,-59:10:05.5,1.4 
141029A,NO POSITION,,
141028A,21:30:24.44,-00:13:55.3,2.5 
141028A,NO POSITION,,
141026A,02:56:20.25,+26:55:42.4,1.6 
141022A,16:07:29.09,-72:07:31.9,3.6 
141020A,14:59:59.13,+55:18:47.6,1.5 
141017A,06:14:31.18,-58:34:56.5,1.4 
141015A,05:50:04.46,+18:19:47.7,1.8 
141005A,19:24:22.37,+36:05:42.0,1.5 
141004A,05:06:56.10,+12:49:10.1,1.4 
140930B,00:25:23.45,+24:17:40.7,1.6 
140928A,02:54:47.71,-55:55:43.7,1.5 
140927A,19:27:10.00,-65:23:37.0,1.8 
140919A,14:46:08.95,-32:10:35.4,1.4 
140916A,02:41:35.89,-39:41:11.2,1.4 
140909A,12:54:26.81,+63:31:00.6,6.3 
140907A,03:12:34.98,+46:36:17.1,1.4 
140903A,15:52:03.28,+27:36:09.4,1.4 
140901B,NO POSITION,,
140831A,NO POSITION,,
140824B,NO POSITION,,
140824A,13:46:28.10,+33:17:37.8,1.5 
140818B,18:04:32.49,-01:23:10.5,1.5 
140818A,NO POSITION,,
140818A,13:18:15.08,+06:55:21.9,2.2 
140817A,08:29:03.40,+58:11:25.1,1.4 
140815A,05:47:34.15,-08:40:48.6,2.7 
140809A,NO POSITION,,
140808A,14:44:53.16,+49:12:52.8,3.3 
140801A,02:56:16.48,+30:56:17.0,2.5 
140730A,03:45:35.79,-66:32:42.7,1.5 
140729A,NO POSITION,,
140723A,NO POSITION,,
140723A,NO POSITION,,
140719A,11:26:24.20,-50:08:06.5,1.5 
140716A,07:12:41.06,-60:10:31.1,2.3 
140713A,18:44:25.40,+59:38:00.6,1.4 
140710A,02:44:16.28,+35:29:56.8,1.5 
140709B,09:44:13.21,+63:31:46.5,1.5 
140709A,20:18:38.94,+51:13:29.6,1.4 
140706A,03:17:10.58,-38:03:06.2,1.5 
140703A,00:51:58.98,+45:06:06.9,1.4 
140629A,16:35:54.48,+41:52:36.7,1.4 
140628A,02:42:39.88,-00:23:05.7,1.5 
140626A,05:09:30.89,-82:37:49.9,2.0 
140623A,15:01:54.51,+81:11:26.1,4.9 
140622A,21:08:41.58,-14:25:09.5,2.3 
140620A,18:47:29.01,+49:43:51.3,2.2 
140619A,01:48:26.08,-39:15:33.6,1.6 
1406194,NO POSITION,,
140614B,21:30:31.51,+14:55:47.1,1.7 
140614A,15:24:40.57,-79:07:43.6,1.4 
140611A,23:19:40.14,-40:06:16.0,5.5 
140610A,19:05:04.57,+03:54:29.1,3.0 
140606B,21:52:29.97,+32:00:52.1,2.3 
140529A,15:15:07.73,-41:03:07.3,2.6 
140523A,NO POSITION,,
140518A,15:09:00.60,+42:25:05.6,1.5 
140516A,16:51:57.38,+39:57:45.9,2.2 
140515A,12:24:15.46,+15:06:17.2,1.5 
140512A,19:17:28.82,-15:05:39.5,1.4 
140509A,03:06:22.82,-62:38:21.5,1.4 
140508A,17:01:51.96,+46:46:49.4,1.8 
140506A,18:27:06.10,-55:38:09.4,1.4 
140502A,21:16:45.13,+48:58:12.9,2.0 
140430A,06:51:44.60,+23:01:24.2,1.5 
140428A,12:57:28.44,+28:23:05.8,1.7 
140423A,13:09:08.51,+49:50:29.6,1.4 
140419A,08:27:57.51,+46:14:24.0,1.4 
140413A,04:21:49.14,-51:10:59.1,1.6 
140412A,09:39:53.60,-65:49:18.5,1.8 
140408A,19:22:51.85,-12:35:42.5,1.8 
140402A,13:50:23.66,+05:46:27.4,4.9 
140331A,08:59:27.46,+02:43:02.3,1.7 
140330A,21:41:46.06,-64:11:17.7,3.9 
140323A,23:47:50.21,-79:54:16.6,1.4 
140320C,08:57:34.65,+71:11:54.4,2.7 
140320B,09:42:14.74,+60:16:07.0,3.6 
140320A,18:47:25.19,-11:11:39.1,4.8 
140318A,12:16:21.43,+20:12:32.9,1.6 
140311B,16:49:18.03,+52:43:27.3,1.5 
140311A,13:57:13.26,+00:38:30.9,1.5 
140304A,02:02:34.26,+33:28:25.5,1.5 
140302A,16:55:26.32,-12:52:41.8,1.8 
140301A,04:38:13.88,-34:15:23.4,1.6 
140226A,14:45:58.04,+14:59:38.5,3.9 
140221A,NO POSITION,,
140215A,06:56:35.79,+41:47:10.8,1.4 
140213A,07:00:37.26,-73:08:14.3,1.4 
140211A,08:16:53.53,+20:14:36.1,4.9 
140209A,05:25:18.97,+32:29:54.0,2.5 
140206A,09:41:20.26,+66:45:38.6,1.4 
140129B,21:47:01.63,+26:12:22.9,1.7 
140129A,02:31:33.83,-01:35:43.3,1.4 
140114A,12:34:05.08,+27:57:02.0,1.4 
140110A,01:54:20.35,-36:29:44.1,5.7 
140108A,21:40:26.88,+58:44:40.0,1.4 
140104B,14:35:00.97,-09:01:39.8,4.3 
140104B,NO POSITION,,
140103A,15:28:20.83,+37:45:27.2,1.8 
140102A,14:07:40.59,+01:20:00.1,1.4 
131231A,00:42:21.64,-01:39:12.0,2.0 
131229A,05:40:55.62,-04:23:46.8,1.4 
131227A,04:29:30.77,+28:52:59.2,1.4 
131224A,NO POSITION,,
131218A,NO POSITION,,
131205A,08:46:30.69,-60:09:21.6,1.8 
131202A,22:56:12.98,-21:39:44.3,1.6 
131128A,23:41:13.79,+31:18:22.7,1.5 
131127B,NO POSITION,,
131127A,22:10:55.14,+36:36:34.5,1.4 
131122A,10:10:09.84,+57:43:41.5,2.6 
131117A,22:09:19.44,-31:45:44.2,1.5 
131110A,NO POSITION,,
131108A,10:26:00.42,+09:39:45.0,1.6 
131105A,04:43:52.17,-62:59:43.4,1.4 
131103A,23:15:40.46,-44:38:25.4,1.4 
131031A,01:58:26.55,-01:34:46.1,3.4 
131030A,23:00:16.19,-05:22:06.1,1.4 
131024B,09:38:00.67,+44:16:16.8,2.4 
131024A,19:21:55.59,-64:36:09.6,1.4 
131018B,20:18:08.50,+23:11:12.7,3.8 
131018A,06:33:53.11,-19:53:47.5,1.4 
131014A,06:41:12.54,-19:05:51.8,2.3 
131011A,02:10:06.28,-04:24:40.9,3.3 
131004A,19:44:27.13,-02:57:30.4,1.4 
131002B,05:00:29.62,-75:42:10.8,2.1 
131002A,16:52:52.70,+82:03:14.6,2.9 
130929A,09:00:05.78,-47:33:39.8,1.6 
130925A,02:44:42.95,-26:09:11.2,1.4 
130912A,03:10:22.25,+13:59:48.7,1.5 
130907A,14:23:34.12,+45:36:26.2,1.4 
130903A,05:28:31.25,-00:07:37.5,2.6 
130831B,12:49:40.92,-29:10:59.6,1.4 
130831A,23:54:29.92,+29:25:47.2,1.4 
130829A,NO POSITION,,
130822A,01:51:41.27,-03:12:32.0,2.7 
130816B,11:20:03.93,-57:33:25.9,3.7 
130816A,13:08:33.68,-58:56:41.5,1.5 
130812A,06:09:35.00,-13:17:17.8,1.5 
130807A,17:59:11.89,-27:36:59.6,3.6 
130806A,02:23:42.77,+67:31:56.0,1.9 
130803A,14:41:00.64,-02:29:31.3,1.4 
130727A,22:03:11.58,-65:32:18.9,1.4 
130725B,14:16:57.73,-11:07:42.6,1.4 
130725A,15:20:07.77,+00:37:39.0,1.8 
130722A,17:22:36.45,-02:58:22.1,1.4 
130719A,NO POSITION,,
130716A,11:58:17.66,+63:03:11.6,2.0 
130702A,14:29:14.76,+15:46:26.6,1.5 
130701A,23:48:55.05,+36:06:01.4,1.5 
130627B,12:07:38.61,-55:42:01.9,4.5 
130627A,12:17:39.68,-37:05:12.5,1.5 
130626A,NO POSITION,,
130625A,22:53:06.85,+82:10:27.0,2.0 
130623A,01:23:25.89,-77:46:23.3,5.2 
130615A,18:19:19.09,-68:09:40.0,1.9 
130612A,17:19:10.62,+16:43:11.7,1.5 
130610A,14:57:40.91,+28:12:25.7,1.4 
130609B,03:35:05.04,-40:10:26.7,1.4 
130609A,10:10:40.44,+24:07:56.5,1.5 
130608A,01:38:26.66,+41:30:09.9,1.5 
130606B,14:34:07.00,-22:06:07.6,1.5 
130606A,16:37:35.12,+29:47:46.6,1.4 
130605A,08:58:08.56,-33:27:41.4,1.8 
130604A,16:40:45.01,+68:13:35.7,1.6 
130603B,11:28:48.16,+17:04:16.9,1.4 
130603A,05:47:35.08,+82:54:30.6,1.5 
130529A,01:37:07.72,-64:08:50.9,1.4 
130528A,09:18:01.47,+87:18:03.7,1.7 
130527A,20:37:06.34,-24:43:30.3,1.4 
130521A,NO POSITION,,
130518A,23:42:40.23,+47:27:53.4,2.1 
130515A,18:53:45.71,-54:16:45.5,2.2 
130514B,09:50:26.05,-18:57:54.6,1.8 
130514A,19:45:07.91,-07:58:34.7,1.5 
130513A,09:39:02.85,-05:14:30.3,2.8 
130511A,13:06:34.88,+18:42:35.7,1.4 
130508A,20:21:17.43,+34:57:28.7,1.7 
130505B,09:17:21.81,+01:42:03.6,3.5 
130505A,09:08:14.62,+17:29:04.3,1.4 
130504C,06:06:31.00,+03:50:01.5,2.0 
130504A,18:09:49.49,-16:18:48.8,1.7 
130502B,04:27:02.73,+71:03:38.4,1.4 
130502A,09:14:16.53,-00:07:23.9,1.5 
130427B,20:59:35.67,-22:32:48.6,1.4 
130427A,11:32:32.34,+27:41:54.5,3.5 
130420B,12:12:30.78,+54:23:26.1,1.7 
130420A,13:04:25.50,+59:25:26.7,1.4 
130419A,NO POSITION,,
130418A,09:56:08.89,+13:40:01.7,1.8 
130408A,08:57:37.32,-32:21:39.3,1.4 
130327B,14:31:30.63,-69:24:15.6,4.5 
130327A,06:08:09.23,+55:42:53.9,1.6 
130315A,10:30:11.57,-51:47:39.8,1.7 
130313A,15:45:38.91,-00:22:07.5,4.9 
130306A,18:37:50.86,-11:40:53.1,3.6 
130305A,07:46:59.01,+52:01:57.5,2.4 
130215A,NO POSITION,,
130211A,09:50:08.68,-42:20:40.6,4.6 
130206A,09:21:30.52,-58:11:43.6,6.1 
130131B,11:35:49.33,+15:02:17.5,1.6 
130131A,11:24:30.41,+48:04:33.2,1.5 
130122A,12:57:08.48,+59:00:52.1,1.5 
130102A,20:45:41.51,+49:49:03.6,1.6 
121229A,12:40:24.31,-50:35:39.5,1.7 
121226A,11:14:34.17,-30:24:22.7,1.5 
121217A,10:14:50.44,-62:21:01.8,1.4 
121212A,11:51:10.15,+78:02:13.7,1.4 
121211A,13:02:07.96,+30:08:54.5,1.4 
121209A,21:47:08.92,-08:14:07.2,1.4 
121202A,17:07:11.24,+23:56:53.3,1.4 
121201A,00:53:52.18,-42:56:34.6,1.4 
121128A,20:02:23.96,+54:17:59.0,1.4 
121125A,15:14:06.69,+55:18:48.0,1.4 
121123A,20:29:16.33,-11:51:36.7,1.4 
121117A,02:06:26.53,+07:25:10.5,1.7 
121108A,05:32:46.70,+54:28:24.4,1.5 
121102A,18:03:36.24,-16:57:27.3,1.5 
121031A,11:23:04.82,-03:31:01.8,1.4 
121028A,18:07:35.83,-02:17:36.0,1.7 
121027A,04:14:23.47,-58:49:46.8,1.4 
121025A,16:33:31.92,+27:40:15.1,2.5 
121024A,04:41:53.30,-12:17:26.0,1.4 
121017A,19:15:19.21,-01:36:16.1,1.4 
121014A,NO POSITION,,
121011A,17:20:51.36,+41:06:36.5,1.5 
121001A,18:24:07.66,-05:39:56.7,1.7 
120927A,09:06:27.30,+00:24:57.9,1.4 
120923A,20:15:10.73,+06:13:16.9,1.9 
120922A,15:38:59.66,-20:10:55.2,1.4 
120919A,14:19:21.51,-45:33:40.5,4.2 
120911A,23:51:55.02,+63:05:55.7,1.6 
120909A,18:22:56.81,-59:26:54.9,1.4 
120907A,04:58:60.00,-09:18:53.7,1.4 
120819A,15:43:37.88,-07:18:32.6,1.7 
120817A,16:42:45.40,-38:21:15.4,1.8 
120816A,18:48:34.33,-06:56:17.6,2.3 
120815A,18:15:49.92,-52:07:53.2,1.4 
120811C,13:18:43.80,+62:18:02.5,1.4 
120811A,17:08:39.69,-22:42:39.5,2.4 
120807A,16:05:02.43,-47:28:46.8,1.8 
120805A,14:26:09.12,+05:49:30.2,2.4 
120804A,15:35:47.53,-28:46:56.2,1.4 
120803B,20:56:56.69,+53:18:15.4,1.7 
120803A,17:58:02.97,-06:45:45.9,3.2 
120802A,02:59:22.22,+13:46:05.8,1.4 
120729A,00:52:17.89,+49:56:22.4,1.4 
120728A,09:08:22.65,-54:26:15.1,1.6 
120724A,16:20:43.21,+03:30:28.7,1.5 
120722A,15:21:59.15,+13:15:05.4,1.6 
120716A,20:52:12.14,+09:35:54.4,3.5 
120714B,23:41:37.23,-46:11:08.7,6.1 
120714A,11:11:55.91,-30:37:37.8,1.6 
120712A,11:18:21.21,-20:02:01.9,1.4 
120711B,22:06:46.02,+60:01:21.9,1.8 
120711A,06:18:42.74,-70:59:57.7,1.4 
120709A,NO POSITION,,
120703A,22:37:25.68,-29:43:24.6,1.4 
120701A,05:21:23.50,-58:32:58.5,1.4 
120630A,23:29:11.05,+42:33:20.5,4.2 
120624B,11:23:31.99,+08:55:41.8,4.7 
120612A,08:26:53.20,-17:34:29.1,1.4 
120521C,14:17:08.75,+42:08:41.3,1.6 
120521B,13:08:02.28,-52:45:16.7,1.5 
120521A,09:54:53.94,-49:25:01.6,1.8 
120514A,18:52:00.20,-04:15:49.4,1.5 
120426A,NO POSITION,,
120426A,NO POSITION,,
120426A,NO POSITION,,
120422A,09:07:38.40,+14:01:06.3,1.7 
120419A,12:29:33.04,-63:00:31.9,5.1 
120404A,15:40:02.35,+12:53:05.4,1.4 
120403B,03:41:06.80,-89:00:32.0,3.6 
120403A,NO POSITION,,
120401A,03:52:19.76,-17:38:08.1,1.4 
120328A,16:06:27.33,-39:20:08.9,1.5 
120327A,16:27:27.49,-29:24:53.9,1.5 
120326A,18:15:37.07,+69:15:35.4,1.4 
120324A,19:24:18.85,+24:07:46.5,1.4 
120320A,14:10:04.24,+08:41:47.8,1.6 
120312A,16:47:09.20,+23:51:28.9,1.5 
120311B,17:14:14.90,-13:03:05.5,1.4 
120311A,18:12:22.08,+14:17:45.9,1.5 
120308A,14:36:19.99,+79:41:12.0,1.4 
120305A,03:10:08.66,+28:29:31.0,1.8 
120302A,08:09:35.47,+29:37:39.7,3.3 
120229A,NO POSITION,,
120224A,02:43:46.17,-17:45:40.6,1.4 
120219A,08:39:09.74,+51:01:54.3,1.5 
120218A,NO POSITION,,
120215A,02:00:11.45,+08:48:07.5,1.4 
120213A,20:04:02.83,+65:24:40.3,1.4 
120212A,02:52:24.07,-18:01:15.1,1.4 
120211A,05:51:00.89,-24:46:30.7,1.6 
120202A,NO POSITION,,
120121A,16:37:25.06,-23:57:41.8,1.6 
120119A,08:00:06.90,-09:04:54.5,1.4 
120118B,08:19:29.04,-07:11:05.3,1.4 
120116A,01:04:57.85,+33:55:50.5,1.4 
120107A,NO POSITION,,
120107A,NO POSITION,,
120106A,04:24:25.82,+64:02:18.8,1.4 
120102A,18:24:53.96,+24:42:47.1,1.4 
111229A,05:05:09.16,-84:42:39.6,1.9 
111228A,10:00:16.07,+18:17:51.3,1.4 
111225A,00:52:37.35,+51:34:18.1,1.6 
111222A,11:56:52.76,+69:04:13.4,2.7 
111215B,14:49:36.25,+16:27:14.3,2.2 
111215A,23:18:13.32,+32:29:38.6,1.4 
111212A,20:41:43.58,-68:36:44.9,1.4 
111211A,10:12:21.69,+11:12:28.1,1.4 
111210A,12:45:54.41,-07:09:57.9,1.8 
111209A,00:57:22.63,-46:48:03.5,1.4 
111208A,19:20:53.79,+40:40:34.4,1.6 
111205A,08:58:43.26,-31:56:37.0,3.8 
111204A,22:26:30.77,-31:22:28.6,1.9 
111201A,12:41:54.66,+32:59:12.8,1.8 
111129A,20:29:44.27,-52:42:47.5,1.4 
111123A,10:19:23.15,-20:38:41.1,1.4 
111121A,10:19:02.73,-46:40:14.8,1.4 
111117A,00:50:46.24,+23:00:40.1,4.2 
111109A,07:52:48.86,-41:35:02.6,2.4 
111107A,08:37:54.45,-66:31:11.5,1.5 
111103B,17:42:46.40,+01:36:36.0,1.4 
111029A,02:59:08.17,+57:06:38.6,1.8 
111022B,07:15:51.56,+49:41:00.7,1.5 
111022A,18:23:27.35,-23:40:25.1,3.7 
111020A,19:08:12.52,-38:00:43.0,1.6 
111018A,18:05:57.24,-03:54:25.8,1.9 
111016A,10:15:20.17,+27:27:43.9,1.4 
111008A,04:01:48.23,-32:42:34.1,1.4 
110928A,17:10:55.82,+36:32:09.3,1.7 
110921A,19:36:23.51,+36:19:43.2,1.4 
110918A,02:10:08.99,-27:06:19.0,3.5 
110918A,02:10:09.28,-27:06:22.2,1.5 
110915B,05:10:13.12,+01:55:57.4,1.6 
110915A,20:43:17.88,-00:43:23.2,1.4 
110903A,13:08:15.72,+58:58:54.1,1.6 
110825A,02:59:11.76,+15:25:40.9,4.2 
110820A,22:52:46.08,+70:17:55.3,1.7 
110818A,21:09:20.88,-63:58:51.7,1.4 
110808A,03:49:04.20,-44:11:42.1,1.6 
110802A,02:58:09.62,+32:34:43.8,4.4 
110801A,05:57:44.52,+80:57:22.4,1.4 
110731A,18:42:01.06,-28:32:13.4,1.4 
110726A,19:06:52.18,+56:04:16.3,1.5 
110719A,01:38:19.40,+34:35:11.0,1.8 
110715A,15:50:44.03,-46:14:06.7,1.4 
110709B,10:58:37.10,-23:27:17.3,1.4 
110709A,15:55:33.96,+40:55:27.3,1.4 
110708A,22:40:27.29,+53:57:45.3,4.6 
110625A,19:06:55.56,+06:45:16.2,3.6 
110610A,20:32:42.67,+74:49:30.0,1.5 
110604A,18:03:26.04,+18:24:00.3,4.1 
110530A,18:48:16.50,+61:55:43.6,1.4 
110521A,08:00:31.89,+45:49:37.1,1.7 
110503A,08:51:06.28,+52:12:26.9,1.4 
110428A,00:22:22.90,+64:50:56.4,7.2 
110422A,07:28:11.24,+75:06:24.4,1.4 
110420A,00:08:39.29,-37:53:11.4,1.4 
110414A,06:31:29.47,+24:21:45.0,1.4 
110411A,19:25:46.14,+67:42:41.6,1.4 
110407A,12:24:07.54,+15:42:42.8,1.7 
110402A,13:09:36.58,+61:15:09.2,1.5 
110319B,21:44:22.91,-56:46:56.5,2.2 
110319A,23:46:00.60,-66:00:40.2,1.4 
110318B,14:06:42.74,-51:34:44.2,1.5 
110315A,18:36:46.82,+17:32:19.9,1.4 
110312A,10:29:55.45,-05:15:45.0,1.4 
110305A,17:23:31.35,-15:48:09.5,1.5 
110223B,10:00:55.82,-68:18:05.8,1.4 
110223A,23:03:22.82,+87:33:27.8,1.7 
110213B,02:47:01.54,+01:08:44.8,2.2 
110213A,02:51:51.45,+49:16:22.8,1.4 
110210A,00:52:13.61,+07:46:47.3,1.4 
110208A,01:29:50.92,-20:35:33.6,1.5 
110206A,06:09:20.19,-58:48:25.2,1.9 
110205A,10:58:31.04,+67:31:30.3,1.4 
110201A,09:10:18.71,+88:36:22.3,3.6 
110128A,12:55:35.14,+28:03:53.4,1.6 
110119A,23:14:20.60,+05:59:09.9,1.4 
110112A,21:59:43.75,+26:27:24.1,1.6 
110107A,19:59:38.24,+41:54:52.2,2.7 
110106B,08:56:37.21,+47:00:09.5,1.4 
110106A,05:17:13.50,+64:10:25.0,1.7 
110102A,16:23:31.43,+07:36:50.3,1.4 
101225A,00:00:47.52,+44:36:01.2,1.4 
101224A,19:03:41.72,+45:42:49.5,3.2 
101219B,00:48:55.40,-34:33:60.0,1.4 
101219A,04:58:20.43,-02:32:23.0,1.6 
101213A,16:05:15.27,+21:53:50.6,1.4 
101204A,11:10:08.83,-20:25:11.9,1.6 
101201A,00:07:52.20,-16:11:06.8,1.8 
101117B,11:32:00.48,-72:39:46.4,1.4 
101114A,20:12:50.68,+14:01:57.6,2.0 
101112A,19:28:54.87,+39:21:08.9,3.8 
101030A,11:05:31.65,-16:22:41.8,1.5 
101024A,04:26:01.56,-77:15:54.4,1.5 
101023A,21:11:51.34,-65:23:16.9,1.4 
101017A,19:25:32.50,-35:08:42.4,1.5 
101011A,03:13:10.55,-65:58:54.6,1.5 
101008A,21:55:30.05,+37:04:01.8,1.9 
100915A,21:02:46.78,+65:40:23.3,1.6 
100909A,04:55:47.71,+54:39:28.3,3.3 
100906A,01:54:44.10,+55:37:49.5,1.4 
100905A,02:06:12.06,+14:55:45.5,1.5 
100902A,03:14:31.00,+30:58:44.0,1.4 
100901A,01:49:03.49,+22:45:30.3,1.4 
100823A,01:22:49.00,+05:50:05.0,1.5 
100816A,23:26:57.61,+26:34:42.0,1.4 
100814A,01:29:53.58,-17:59:43.9,1.4 
100807A,03:41:12.14,+67:40:17.5,1.5 
100805A,19:59:30.53,+52:37:40.1,1.4 
100802A,00:09:52.54,+47:45:16.8,1.5 
100728B,02:56:13.44,+00:16:51.5,1.4 
100728A,05:55:01.99,-15:15:20.1,1.4 
100727A,10:16:42.68,-21:23:25.9,1.4 
100725B,19:20:07.94,+76:57:23.3,1.4 
100725A,11:05:55.58,-26:40:12.6,1.6 
100724A,12:58:10.38,-11:06:09.3,1.5 
100713A,17:00:48.32,+28:23:39.8,2.4 
100704A,08:54:33.98,-24:12:10.0,1.4 
100702A,16:22:47.24,-56:31:53.2,3.7 
100628A,15:03:53.54,-31:39:50.4,4.6 
100625A,01:03:10.92,-39:05:18.5,1.8 
100621A,21:01:13.10,-51:06:22.8,1.4 
100619A,05:38:29.33,-27:00:19.2,1.4 
100615A,11:48:49.31,-19:28:51.8,1.4 
100614A,17:33:59.88,+49:14:02.5,1.8 
100606A,23:22:30.49,-66:14:29.1,1.4 
100528A,20:44:33.93,+27:48:23.9,1.7 
100526B,00:02:56.60,-37:54:49.2,4.1 
100526A,15:23:04.61,+25:37:55.9,1.7 
100522A,00:27:56.79,+09:24:05.9,1.4 
100518A,20:19:09.38,-24:33:15.9,2.0 
100514A,21:55:17.45,+29:09:35.4,1.6 
100513A,11:18:26.83,+03:37:40.8,1.4 
100508A,05:04:58.98,-20:42:41.8,1.4 
100504A,17:02:17.18,-35:35:13.9,3.6 
100425A,19:56:47.18,-26:25:50.6,1.5 
100424A,13:57:47.48,+01:32:19.1,1.7 
100420A,19:44:30.56,+55:46:08.9,1.8 
100418A,17:05:27.22,+11:27:39.1,1.9 
100414A,12:48:26.92,+08:41:35.4,1.9 
100413A,17:44:53.14,+15:50:03.1,1.4 
100331B,20:12:05.17,-11:06:30.0,1.7 
100316D,07:10:30.75,-56:15:18.7,3.4 
100316C,02:09:09.10,-67:59:28.7,1.8 
100316B,10:53:57.19,-45:28:20.8,1.5 
100316A,16:47:54.65,+71:49:36.3,2.3 
100305A,11:13:28.07,+42:24:13.9,1.4 
100302A,13:02:03.83,+74:35:23.7,1.5 
100219A,10:16:48.46,-12:34:00.2,1.4 
100213B,08:17:07.40,+43:26:49.3,4.4 
100213A,23:17:33.95,+43:22:44.3,2.3 
100212A,23:45:40.35,+49:29:39.8,1.5 
100206A,03:08:39.00,+13:09:24.8,3.2 
100205A,09:25:33.08,+31:44:24.3,1.7 
100117A,00:45:04.58,-01:35:46.5,3.6 
100115A,00:13:28.02,-00:49:36.0,3.5 
100111A,16:28:11.60,+15:33:02.6,1.4 
100103A,07:29:29.51,-34:29:23.6,1.7 
091230,08:51:38.94,-53:53:53.4,2.1 
091221,03:43:11.42,+23:14:28.9,1.7 
091208B,01:57:34.11,+16:53:22.9,1.4 
091202,09:15:19.99,+62:32:58.7,2.3 
091130B,13:32:35.54,+34:05:19.6,1.4 
091127,02:26:19.88,-18:57:08.3,1.4 
091111,09:11:17.59,-45:55:31.0,7.7 
091109B,07:30:56.49,-54:05:24.2,2.1 
091109A,20:37:01.86,-44:09:30.5,1.5 
091104,13:55:01.34,+47:24:38.3,1.6 
091102,04:50:28.58,-72:31:10.0,3.9 
091029,04:00:42.60,-55:57:19.4,1.4 
091026,18:26:17.74,-86:06:41.0,1.5 
091024,22:37:00.02,+56:53:23.4,3.7 
091020,11:42:55.19,+50:58:42.2,1.4 
091018,02:08:44.55,-57:32:53.6,1.4 
091010,19:54:39.74,-22:31:04.7,1.9 
091003,16:46:04.72,+36:37:31.0,1.5 
090929B,07:50:52.82,-00:39:27.3,1.4 
090927,22:55:53.40,-70:58:48.7,1.5 
090926B,03:05:13.91,-39:00:22.2,1.4 
090926A,23:33:36.09,-66:19:26.0,1.4 
090915,15:52:04.86,+15:29:14.4,2.5 
090912,12:32:10.24,+61:29:04.3,1.4 
090904B,17:36:44.56,-25:12:46.1,1.5 
090904A,06:43:32.32,+50:12:11.4,1.5 
090902B,17:39:45.36,+27:19:26.3,1.9 
090831C,07:13:10.65,-25:07:07.5,1.5 
090827,01:13:48.36,-50:53:46.9,3.7 
090823,08:34:42.95,+60:39:01.9,3.1 
090817,04:15:51.78,+44:07:43.4,1.9 
090814B,04:19:01.55,+60:35:28.9,2.8 
090814A,15:58:26.43,+25:37:52.4,1.4 
090813,15:03:08.61,+88:34:04.2,1.6 
090812,23:32:48.57,-10:36:18.6,1.4 
090809,21:54:43.20,-00:05:01.4,1.4 
090807,18:14:58.57,+10:15:57.3,1.4 
090728,01:58:36.64,+41:37:59.4,1.5 
090727,21:03:50.58,+64:55:29.9,1.5 
090726,16:34:43.27,+72:53:03.1,1.5 
090720,13:34:43.27,-10:20:05.5,2.9 
090715B,16:45:21.58,+44:50:20.1,1.4 
090709A,19:19:42.46,+60:43:39.0,1.4 
090702,11:43:35.28,+11:30:07.8,3.3 
090628,15:48:12.70,-15:59:04.3,1.8 
090625B,00:09:03.45,-65:46:49.3,1.7 
090621B,20:53:53.16,+69:01:41.5,3.3 
090621A,00:44:05.13,+61:56:27.5,1.4 
090618,19:35:58.47,+78:21:24.3,1.4 
090607,12:44:40.21,+44:06:20.9,3.9 
090531B,16:48:17.90,-36:02:04.9,5.2 
090531A,11:54:42.39,+07:58:06.0,2.7 
090530,11:57:40.49,+26:35:37.1,1.4 
090529,14:09:52.56,+24:27:32.7,1.5 
090519,09:29:06.96,+00:10:49.3,1.5 
090518,07:59:49.08,+00:45:34.0,1.4 
090516,09:13:02.61,-11:51:15.7,1.4 
090515,10:56:36.31,+14:26:30.5,2.8 
090510,22:14:12.58,-26:34:59.4,1.4 
090429B,14:02:40.14,+32:10:14.0,1.5 
090429A,06:02:13.31,-52:23:14.2,3.1 
090426,12:36:18.07,+32:59:09.5,1.4 
090424,12:38:05.12,+16:50:15.4,1.4 
090423,09:55:33.28,+18:08:57.7,1.4 
090422,19:38:59.85,+40:23:02.7,1.4 
090419,13:07:42.69,-75:36:20.7,1.5 
090418A,17:57:15.18,+33:24:21.1,1.4 
090417B,13:58:46.66,+47:01:04.4,1.4 
090407,04:35:55.08,-12:40:45.0,1.4 
090404,15:56:57.49,+35:30:57.4,1.4 
090401B,06:20:21.11,-08:58:20.3,1.4 
090328A,06:02:39.74,-41:52:57.0,1.7 
090323,12:42:50.32,+17:03:13.1,1.7 
090313,13:13:36.24,+08:05:49.8,1.5 
090309,18:59:53.69,-25:15:41.1,1.6 
090308,12:14:00.07,-48:49:01.0,1.6 
090307,16:19:58.55,-28:38:01.3,2.1 
090306B,15:24:49.98,-06:58:04.8,5.2 
090205,14:43:38.63,-27:51:10.8,1.4 
090201,06:08:12.53,-46:35:24.8,1.4 
090126A,00:14:38.08,+81:22:24.3,1.8 
090123,00:27:08.73,-23:30:04.3,1.4 
090118,03:19:18.77,+18:24:54.9,4.1 
090117,10:56:10.50,-58:14:00.0,2.0 
090113,02:08:13.74,+33:25:42.7,1.5 
090111,16:46:42.03,+00:04:38.3,1.4 
090107B,18:59:16.13,+59:35:43.0,1.7 
090102,08:32:58.56,+33:06:50.9,1.4 
081230,02:29:19.53,-25:08:50.5,1.4 
081228,02:37:51.02,+30:51:10.2,2.0 
081226A,08:02:00.37,-69:01:45.9,4.0 
081224,14:12:35.91,+74:11:58.7,3.5 
081222,01:30:57.71,-34:05:42.8,1.4 
081221,01:03:10.25,-24:32:52.8,1.4 
081211B,11:13:03.49,+53:49:47.0,1.8 
081211,21:52:28.01,-33:50:09.3,1.5 
081210,04:41:56.13,-11:15:26.3,1.4 
081204,23:19:09.18,-60:13:28.2,4.2 
081203B,15:15:11.67,+44:25:43.1,1.4 
081203A,15:32:07.65,+63:31:15.3,1.4 
081128,01:23:13.14,+38:07:38.9,1.5 
081127,22:08:15.43,+06:51:02.4,1.5 
081126,21:34:03.61,+48:42:37.3,1.4 
081121,05:57:06.04,-60:36:10.1,1.4 
081118,05:30:22.13,-43:18:04.2,1.6 
081109,22:03:09.77,-54:42:41.5,1.4 
081105,00:15:48.36,+03:28:05.9,4.0 
081104,06:41:57.14,-54:43:11.6,1.6 
081102,22:04:41.54,+52:59:40.7,1.4 
081029,23:07:05.58,-68:09:20.3,1.4 
081028,08:07:34.73,+02:18:29.4,1.4 
081025,16:21:28.01,+60:28:32.2,5.2 
081024A,01:51:29.89,+61:19:52.6,1.8 
081016B,00:58:15.40,-43:31:48.3,1.8 
081016A,17:02:16.89,-23:20:08.0,3.9 
081012,02:00:48.16,-17:38:17.4,1.8 
081011,14:41:22.63,+33:32:37.4,1.5 
081008,18:39:49.94,-57:25:54.1,1.4 
081007,22:39:50.49,-40:08:49.1,1.4 
081003A,17:29:33.63,+16:34:13.5,2.3 
081001,18:26:21.80,-08:43:07.9,2.0 
080928,06:20:16.81,-55:11:58.9,1.4 
080919,17:40:53.81,-42:22:05.4,1.7 
080916C,07:59:23.38,-56:38:18.5,1.8 
080916B,10:54:39.74,+69:03:56.9,2.2 
080916A,22:25:06.34,-57:01:22.3,1.4 
080915A,01:11:48.48,-76:01:14.2,3.5 
080913,04:22:54.70,-25:07:46.7,1.5 
080906,15:12:10.94,-80:31:03.6,2.2 
080905B,20:06:57.91,-62:33:46.4,1.4 
080905A,19:10:41.78,-18:52:48.5,1.6 
080903,05:47:10.13,+51:15:50.9,1.5 
080828,13:18:21.07,-65:56:24.4,2.7 
080825,13:56:48.21,-68:57:17.2,2.3 
080810,23:47:10.53,+00:19:10.9,1.4 
080805,20:56:53.47,-62:26:40.2,1.6 
080804,21:54:40.13,-53:11:05.2,1.4 
080802,18:02:54.41,-32:20:02.0,3.6 
080727C,02:10:32.15,+64:08:14.0,1.5 
080727B,18:27:26.12,+01:09:45.6,1.5 
080727A,13:53:33.82,-18:32:40.4,1.6 
080723B,11:47:20.06,-60:14:27.8,1.4 
080723A,18:17:57.74,-06:53:58.4,1.4 
080721,14:57:55.84,-11:43:24.5,1.4 
080714,12:32:25.35,-60:16:40.0,1.5 
080710,00:33:05.63,+19:30:05.5,1.4 
080707,02:10:28.41,+33:06:34.5,1.5 
080703,06:47:12.49,-63:13:09.4,1.4 
080702B,23:42:16.18,-05:30:47.2,5.2 
080702A,20:52:12.22,+72:18:46.5,1.8 
080701,03:03:21.17,+75:28:29.6,1.7 
080625,19:53:37.05,+56:16:40.5,1.7 
080623,15:50:38.61,-62:02:56.3,1.4 
080613B,11:35:11.50,-07:06:17.4,2.2 
080613A,14:13:05.08,+05:10:22.9,1.8 
080607,12:59:47.21,+15:55:09.7,1.4 
080605,17:28:30.07,+04:00:56.4,1.5 
080604,15:47:51.68,+20:33:28.0,1.4 
080603B,11:46:07.71,+68:03:38.6,1.7 
080603A,18:37:37.87,+62:44:38.6,1.6 
080602,01:16:42.15,-09:13:56.6,1.7 
080523,01:23:11.49,-64:01:51.2,1.5 
080520,18:40:46.37,-54:59:30.6,1.6 
080517,06:48:58.03,+50:44:07.7,1.5 
080516,08:02:34.22,-26:09:35.0,1.4 
080515,00:12:39.18,+32:34:43.4,4.0 
080514B,21:31:22.62,+00:42:29.6,1.6 
080507,15:34:43.51,+56:26:07.1,2.3 
080506,21:57:41.75,+38:59:06.2,1.4 
080503,19:06:28.64,+68:47:35.3,1.6 
080430,11:01:14.73,+51:41:07.8,1.4 
080426,01:45:59.70,+69:28:06.5,1.5 
080413B,21:44:34.60,-19:58:51.8,1.4 
080413A,19:09:11.69,-27:40:40.0,1.5 
080411,02:31:54.91,-71:18:08.4,1.4 
080409,05:37:19.26,+05:05:05.7,1.6 
080405,10:50:23.88,-04:17:18.8,2.5 
080330,11:17:2.12,+30:37:21.9,4.60 
080328,05:21:55.90,+47:30:38.9,1.4 
080325,18:31:34.39,+36:31:25.3,1.7 
080320,11:50:56.42,+57:09:24.4,1.4 
080319D,06:37:53.51,+23:56:34.0,1.5 
080319C,17:15:55.49,+55:23:31.2,1.7 
080319B,14:31:41.04,+36:18:08.5,1.4 
080319A,13:45:19.96,+44:04:47.8,1.7 
080310,14:40:13.83,-00:10:30.9,1.4 
080307,09:06:30.86,+35:08:20.0,1.4 
080303,07:28:14.22,-70:14:02.6,1.5 
080229B,13:17:00.37,-64:51:45.2,3.7 
080229A,15:12:52.26,-14:42:16.4,1.4 
080218B,11:51:49.68,-53:05:48.7,1.6 
080212,15:24:35.37,-22:44:30.2,1.4 
080210,16:45:03.96,+13:49:35.8,1.4 
080207,13:50:02.96,+07:30:07.7,1.4 
080205,06:33:00.56,+62:47:31.2,1.5 
080130,17:26:27.05,-53:11:13.7,4.4 
080129,07:01:08.15,-07:50:46.6,1.4 
080123,22:35:46.33,-64:54:02.7,1.7 
080120,15:01:03.22,-10:52:30.4,1.8 
071227,03:52:31.18,-55:59:03.3,1.7 
071122,18:26:25.26,+47:04:30.1,1.8 
071118,19:58:51.79,+70:07:28.1,1.4 
071117,22:20:10.53,-63:26:36.0,1.5 
071112C,02:36:50.96,+28:22:16.7,1.4 
071104,19:42:26.86,+14:36:37.1,1.5 
071101,03:12:42.35,+62:30:01.7,3.9 
071031,00:25:37.37,-58:03:33.3,1.5 
071028B,23:36:39.12,-31:37:13.6,5.7 
071028A,07:59:16.61,+21:29:04.6,1.5 
071025,23:40:17.08,+31:46:42.5,1.4 
071021,22:42:34.35,+23:43:05.4,3.5 
071020,07:58:39.60,+32:51:39.4,3.5 
071010B,10:02:09.04,+45:43:52.4,3.7 
071010A,19:12:14.59,-32:24:07.0,3.6 
071008,10:06:21.32,+44:19:17.3,5.1 
071003,20:07:24.11,+10:56:51.0,3.5 
070925,16:52:51.42,-22:01:44.3,4.1 
070920B,NO POSITION,,
070917,19:35:40.67,+02:24:39.0,4.4 
070913,15:15:01.69,-24:17:35.4,4.6 
070911,01:43:14.33,-33:29:02.6,3.6 
070810A,12:39:51.22,+10:45:03.2,1.4 
070809,13:35:04.74,-22:08:29.9,3.6 
070808,00:27:03.36,+01:10:34.3,1.5 
070802,02:27:35.81,-55:31:39.2,1.5 
070729,03:45:15.97,-39:19:20.5,2.5 
070724B,01:09:56.63,+57:40:35.5,2.0 
070724A,01:51:13.99,-18:35:40.1,1.7 
070721B,02:12:32.94,-02:11:40.2,1.5 
070721A,00:12:39.13,-28:33:00.7,1.5 
070714B,03:51:22.25,+28:17:51.1,1.4 
070714A,02:51:43.30,+30:14:34.8,1.8 
070707,17:50:58.38,-68:55:27.7,3.1 
070704,23:38:47.42,+66:15:11.5,1.5 
070628,07:41:06.07,-20:16:45.9,1.4 
070621,21:35:10.11,-24:49:02.8,1.4 
070616,02:08:36.35,+56:56:44.9,1.4 
070615,02:57:15.34,-04:24:26.2,5.3 
070612B,17:26:54.45,-08:45:05.0,1.8 
070611,00:07:58.11,-29:45:20.5,1.7 
070531,00:26:58.22,+74:18:46.6,1.7 
070529,18:54:58.25,+20:39:33.8,1.4 
070521,16:10:38.62,+30:15:22.1,1.4 
070520B,08:07:31.17,+57:36:29.9,1.8 
070520A,12:53:26.33,+74:59:25.3,2.2 
070518,16:56:47.66,+55:17:41.4,1.6 
070517,18:30:28.97,-62:17:51.0,3.6 
070509,15:51:50.38,-78:39:06.9,1.9 
070508,20:51:11.82,-78:23:05.1,1.4 
070506,23:08:52.29,+10:43:20.2,1.8 
070429B,21:52:03.87,-38:49:42.6,2.6 
070429A,19:50:48.97,-32:24:17.9,2.0 
070420,08:04:55.18,-45:33:20.6,1.4 
070419B,21:02:49.78,-31:15:48.5,1.5 
070419A,12:10:58.79,+39:55:31.4,1.8 
070412,12:06:10.01,+40:08:35.5,1.5 
070411,07:09:19.96,+01:03:52.4,1.5 
070330,17:58:10.20,-63:47:34.6,1.5 
070328,04:20:27.72,-34:04:00.6,1.4 
070318,03:13:56.77,-42:56:47.3,1.4 
070311,05:50:08.27,+03:22:29.7,1.5 
070309,17:34:38.98,-37:55:49.2,4.6 
070306,09:52:23.27,+10:28:55.4,1.4 
070227,08:02:19.35,-46:18:50.4,2.0 
070224,11:56:06.57,-13:19:49.2,1.6 
070223,10:13:48.43,+43:08:00.6,1.6 
070220,02:19:06.91,+68:48:17.0,1.4 
070219,17:20:45.99,+69:22:12.1,1.6 
070208,13:11:32.51,+61:57:54.3,1.5 
070129,02:28:00.97,+11:41:03.5,1.4 
070125,07:51:17.80,+31:09:04.0,1.5 
070110,00:03:39.39,-52:58:28.1,1.4 
070107,10:37:36.48,-53:12:47.5,1.4 
070103,23:30:13.81,+26:52:34.4,1.4 
061222B,07:01:24.69,-25:51:35.0,1.7 
061222A,23:53:03.42,+46:31:57.7,1.4 
061217,10:41:39.30,-21:07:25.2,5.3 
061210,09:38:05.17,+15:37:17.5,4.1 
061202,07:02:06.08,-74:41:54.8,1.4 
061201,22:08:32.31,-74:34:48.1,1.4 
061126,05:46:24.55,+64:12:38.7,1.4 
061122,20:15:19.87,+15:31:01.2,1.4 
061121,09:48:54.57,-13:11:42.3,1.4 
061110B,21:35:40.50,+06:52:33.1,3.7 
061110A,22:25:09.88,-02:15:31.1,1.6 
061102,09:53:37.79,-17:01:30.2,4.6 
061028,06:28:54.59,+46:17:56.0,1.6 
061025,20:03:37.05,-48:14:37.3,2.0 
061021,09:40:36.13,-21:57:05.3,1.4 
061019,06:06:30.95,+29:34:12.1,1.5 
061007,03:05:19.59,-50:30:02.3,1.4 
061006,07:24:07.64,-79:11:55.3,1.7 
061004,06:31:10.84,-45:54:24.2,1.4 
061002,14:41:23.60,+48:44:29.0,2.2 
060929,17:32:28.96,+29:50:06.2,1.5 
060928,08:30:30.18,-42:44:57.6,4.5 
060927,21:58:12.02,+05:21:49.1,1.6 
060926,17:35:43.70,+13:02:17.3,1.7 
060923C,23:04:28.29,+03:55:28.2,3.5 
060923B,15:52:46.69,-30:54:13.5,1.8 
060923A,16:58:28.10,+12:21:37.7,1.5 
060919,18:27:41.99,-51:00:51.4,2.4 
060912A,00:21:08.11,+20:58:18.6,1.4 
060908,02:07:18.41,+00:20:32.0,1.4 
060906,02:43:00.86,+30:21:42.5,1.4 
060904B,03:52:50.53,-00:43:30.1,1.4 
060904A,15:50:54.91,+44:59:07.8,5.4 
060901,19:08:37.84,-06:38:07.8,2.1 
060825,01:12:29.45,+55:47:50.4,1.7 
060814,14:45:21.33,+20:35:09.3,1.4 
060813,07:27:35.36,-29:50:49.4,1.4 
060807,16:50:02.61,+31:35:30.1,1.4 
060805B,18:10:05.39,+58:09:18.8,1.6 
060805A,14:43:43.51,+12:35:10.9,1.6 
060804,07:28:49.29,-27:12:55.6,1.4 
060801,14:12:01.30,+16:58:53.9,1.5 
060729,06:21:31.79,-62:22:12.4,1.4 
060719,01:13:43.70,-48:22:50.7,1.4 
060717,11:23:21.61,+28:57:03.5,3.1 
060714,15:11:26.46,-06:33:59.2,1.4 
060712,12:16:16.20,+35:32:18.0,1.5 
060708,00:31:13.80,-33:45:32.3,1.4 
060707,23:48:19.07,-17:54:18.0,1.7 
060614,21:23:32.13,-53:01:36.4,1.4 
060607A,21:58:50.42,-22:29:46.9,1.4 
060605,21:28:37.31,-06:03:30.7,1.4 
060604,22:28:55.05,-10:54:56.4,1.4 
060602B,17:49:31.78,-28:08:04.5,1.5 
060602A,NO POSITION,,
060526,15:31:18.33,+00:17:05.4,1.4 
060522,21:31:44.85,+02:53:09.9,1.4 
060515,08:29:08.84,+73:34:02.0,2.7 
060512,13:03:05.78,+41:11:26.0,1.5 
060510B,15:56:29.16,+78:34:11.7,1.5 
060510A,06:23:27.98,-01:09:47.1,1.4 
060507,05:59:50.69,+75:14:55.1,1.5 
060505,22:07:03.31,-27:48:52.8,1.9 
060502B,18:35:44.97,+52:37:52.4,4.8 
060502A,16:03:42.48,+66:36:02.5,1.5 
060501,21:53:30.65,+43:59:53.9,4.9 
060428B,15:41:25.63,+62:01:29.8,1.4 
060428A,08:14:10.87,-37:10:11.7,1.4 
060427,08:17:04.12,+62:40:16.9,3.5 
060421,22:54:32.92,+62:43:52.4,1.6 
060418,15:45:42.63,-03:38:20.5,1.4 
060413,19:25:07.84,+13:45:29.9,1.4 
060403,18:49:21.60,+08:19:46.2,2.3 
060323,11:37:45.09,+49:59:07.4,1.6 
060322,18:16:56.57,-36:42:31.1,4.6 
060319,11:45:33.02,+60:00:39.1,1.4 
060313,04:26:28.46,-10:50:41.1,1.4 
060312,03:03:05.92,+12:50:00.9,2.6 
060306,02:44:22.87,-02:08:54.8,1.4 
060223A,03:40:49.59,-17:07:49.9,1.5 
060219,16:07:21.51,+32:18:57.5,1.5 
060218,03:21:39.69,+16:52:01.7,1.4 
060211B,05:00:17.17,+14:56:57.6,1.5 
060211A,03:53:32.63,+21:29:18.9,1.4 
060210,03:50:57.38,+27:01:34.0,1.4 
060206,13:31:43.42,+35:03:02.8,1.5 
060204B,14:07:15.00,+27:40:37.3,1.4 
060203,06:54:03.87,+71:48:38.6,1.4 
060202,02:23:22.99,+38:23:03.6,1.4 
060124,05:08:25.88,+69:44:26.5,1.4 
060123,11:58:47.92,+45:30:50.7,1.9 
060121,09:09:52.07,+45:39:46.3,1.6 
060116,05:38:46.26,-05:26:13.4,1.5 
060115,03:36:08.31,+17:20:43.1,1.4 
060111B,19:05:42.56,+70:22:33.7,1.4 
060111A,18:24:49.09,+37:36:14.2,1.4 
060110,04:50:57.75,+28:25:54.6,4.2 
060109,18:50:43.65,+31:59:27.0,1.4 
060108,09:48:02.06,+31:55:07.1,1.5 
060105,19:50:00.66,+46:20:55.9,1.4 
051227,08:20:58.13,+31:55:32.2,3.6 
051221B,20:49:35.30,+53:02:10.7,2.1 
051221A,21:54:48.61,+16:53:26.4,1.4 
051211B,23:02:41.63,+55:04:50.8,1.5 
051210,22:00:41.16,-57:36:49.4,1.7 
051117B,05:40:43.37,-19:16:27.2,1.7 
051117A,15:13:34.03,+30:52:11.8,1.5 
051111,23:12:33.09,+18:22:28.1,1.5 
051109B,23:01:50.35,+38:40:46.7,1.5 
051109A,22:01:15.32,+40:49:23.0,1.4 
051028,01:48:15.05,+47:45:10.1,1.7 
051022,23:56:04.11,+19:36:23.7,1.4 
051021B,08:24:12.30,-45:32:28.4,1.5 
051021A,01:56:36.30,+09:04:02.9,1.5 
051016B,08:48:27.83,+13:39:20.3,1.4 
051016A,08:11:16.63,-18:17:52.8,1.5 
051012,18:02:10.82,-52:47:14.9,7.5 
051008,13:31:29.57,+42:05:53.6,1.4 
051006,07:23:14.10,+09:30:19.5,1.5 
051001,23:23:48.73,-31:31:22.9,1.6 
050922C,21:09:33.07,-08:45:30.3,1.4 
050922B,00:23:13.37,-05:36:17.3,1.7 
050916,09:03:57.18,-51:25:43.3,1.4 
050915B,14:36:25.99,-67:24:33.6,1.5 
050915A,05:26:44.81,-28:00:59.4,1.4 
050908,01:21:50.72,-12:57:18.1,1.5 
050904,00:54:50.85,+14:05:09.3,3.5 
050827,04:17:09.58,+18:12:01.1,1.5 
050826,05:51:01.57,-02:38:36.5,1.5 
050824,00:48:56.20,+22:36:32.9,1.5 
050822,03:24:27.18,-46:01:59.7,1.4 
050820B,09:02:25.37,-72:38:43.7,3.8 
050820A,22:29:38.11,+19:33:36.7,1.4 
050819,23:55:01.61,+24:51:38.9,1.5 
050815,19:34:22.99,+09:08:48.6,1.5 
050814,17:36:45.37,+46:20:21.9,1.4 
050813,16:07:56.92,+11:14:57.1,2.7 
050803,23:22:37.86,+05:47:08.5,1.4 
050802,14:37:05.87,+27:47:11.7,1.4 
050801,13:36:35.32,-21:55:42.7,1.5 
050730,14:08:17.17,-03:46:18.5,1.4 
050726,13:20:11.97,-32:03:51.5,1.4 
050724,16:24:44.33,-27:32:26.9,1.5 
050721,16:53:44.55,-28:22:52.5,1.7 
050717,14:17:24.59,-50:32:00.3,3.6 
050716,22:34:20.79,+38:41:03.4,1.4 
050714B,11:18:47.68,-15:32:49.3,1.5 
050714,02:54:23.06,+69:06:45.9,4.1 
050713B,20:31:15.57,+60:56:42.9,1.4 
050713A,21:22:09.23,+77:04:28.7,1.4 
050712,05:10:48.07,+64:54:48.3,1.5 
050701,15:09:01.48,-59:24:52.4,2.3 
050607,20:00:42.90,+09:08:28.8,5.5 
050603,02:39:56.91,-25:10:54.8,1.4 
050525A,18:32:32.64,+26:20:21.6,1.5 
050520,12:50:05.98,+30:27:04.1,4.0 
050509B,12:36:13.75,+28:59:03.4,3.6 
050509A,20:42:20.03,+54:04:16.6,2.3 
050505,09:27:03.35,+30:16:24.2,1.4 
050504,13:24:01.31,+40:42:14.5,2.8 
050502B,09:30:10.14,+16:59:47.7,1.4 
050422,21:37:54.71,+55:46:44.9,3.7 
050421,20:29:02.71,+73:39:17.9,1.6 
050416A,12:33:54.64,+21:03:26.8,1.4 
050412,12:04:25.26,-01:12:00.7,3.9 
050410,05:59:13.79,+79:36:13.2,2.0 
050408,12:02:17.32,+10:51:09.7,1.4 
050406,02:17:52.15,-50:11:16.4,1.9 
050401,16:31:28.80,+02:11:14.4,3.5 
050326,00:27:47.06,-71:22:15.0,2.7 
050319,10:16:48.00,+43:32:50.8,2.1 
050318,03:18:51.11,-46:23:45.6,1.4 
050315,20:25:54.16,-42:36:01.9,1.4 
050223,18:05:32.31,-62:28:19.9,2.4 
050219B,05:25:16.14,-57:45:28.6,1.5 
050219A,11:05:38.94,-40:41:02.6,1.9 
050215B,11:37:47.58,+40:47:49.2,2.2 
050128,14:38:17.72,-34:45:55.3,1.7 
050126,18:32:27.07,+42:22:13.7,3.6 
050124,12:51:30.46,+13:02:39.0,1.5 
041223,06:40:47.37,-37:04:24.6,3.5 
041218,01:39:07.25,+71:20:29.1,5.0 
